name	RF
12410006	5742.069387443563
12410005	5742.069387443563
12410004	5742.069387443563
12410003	5742.069387443563
12410002	5742.069387443563
12410001	5742.069387443563
12410008	5742.069387443563
12410007	5742.069387443563
12400002	25980.80166101502
12360001	2947.6808460839943
12350007	2895.979716358184
12350003	159644.37070929608
12270007	5088.031974919991
12250001	307.5905848362848
12240002	3072.949838961564
12230006	5885.155396906008
12210004	18166.076150040328
12180004	4889.954187058768
12180003	4889.954187058768
12140001	7971.725712273032
12140002	7595.493839988733
12140003	7595.493839988733
12140004	7971.725712273032
12140006	3606.508031905922
12140007	3606.508031905922
12140008	2929.54329871515
12140005	2929.54329871515
12130001	64544.65153330379
12130002	64544.65153330379
12120003	3747.0198185903246
12120004	2938.880524973223
12120005	2507.529333503791
12120006	3155.5909034146603
12120007	3095.70450262836
12120008	5627.29789227901
12120009	3346.0196534554048
12120010	2867.3477915193794
12120011	2668.5378606660006
12120012	3380.746681278266
12120013	2508.4905132790955
12120014	2534.38532834596
12120015	2665.2044487038656
12120016	3007.583883459516
12120017	5682.5792556180995
12120018	3059.135440057129
12120019	3059.135440057129
12120020	3059.135440057129
12120021	3059.135440057129
12120022	3059.135440057129
12120023	3059.135440057129
12120002	2857.5216719905216
12120024	371.4609956958095
12120001	3712.292790767464
12120025	371.4609956958095
12120026	371.4609956958095
12120027	371.4609956958095
12120028	4836.504121399442
12120029	4836.504121399442
12120030	3296.396614603197
12120031	5511.669522444177
12120032	5657.875679689302
12110005	465.0526070207338
12110001	261.7519187366457
12110002	261.7519187366457
12110003	261.7519187366457
12110004	261.7519187366457
12110006	261.7519187366457
12090001	1308.9615821784005
12060001	5693.309028251256
12060002	5693.309028251256
12060003	5693.309028251256
12060004	5693.309028251256
12060005	5693.309028251256
12060006	5693.309028251256
12060007	5693.309028251256
12060008	5693.309028251256
12050005	341.13854671987525
12030002	424.9277013374509
12020002	712.1541953106799
12020001	712.1541953106799
12010001	39130.30305334323
12010002	39130.30305334323
11980001	1917.151109627177
11980002	1917.151109627177
11980003	1917.151109627177
11980004	1917.151109627177
11980005	1917.151109627177
11980006	1917.151109627177
11980007	1917.151109627177
11980008	1917.151109627177
11980009	1917.151109627177
11980010	1917.151109627177
11980011	1917.151109627177
11980012	1917.151109627177
11980013	1917.151109627177
11980014	1917.151109627177
11980015	1917.151109627177
11980016	1917.151109627177
11980017	1917.151109627177
11980018	1917.151109627177
11980019	1917.151109627177
11980020	1917.151109627177
11980021	1917.151109627177
11980022	1917.151109627177
11980024	1917.151109627177
11980023	1917.151109627177
11970007	8931.623297393637
11970008	8931.623297393637
11970009	8931.623297393637
11970010	8931.623297393637
11970011	8931.623297393637
11970012	8931.623297393637
11970013	8931.623297393637
11970014	8931.623297393637
11970015	8931.623297393637
11970016	8931.623297393637
11970017	8931.623297393637
11970018	8931.623297393637
11970019	8931.623297393637
11970020	8931.623297393637
11970006	8931.623297393637
11970005	8931.623297393637
11970003	8931.623297393637
11970001	8931.623297393637
11970002	8931.623297393637
11970004	8931.623297393637
11960001	64514.341845981944
11940001	22782.360258484277
11890001	377.01698350343656
11890002	377.01698350343656
11890003	377.01698350343656
11890004	377.01698350343656
11890005	377.01698350343656
11890006	377.01698350343656
11880002	67580.6827869907
11880001	67580.6827869907
11880005	67580.6827869907
11880006	67580.6827869907
11880007	67580.6827869907
11880008	67580.6827869907
11880004	67580.6827869907
11880003	67580.6827869907
11870001	1092.3479896971776
11870002	1092.3479896971776
11830001	2324.3504457722734
11830002	2324.3504457722734
11830003	2324.3504457722734
11820001	1491.8478396856365
11800001	46815.06254725432
11800002	47514.21520986775
11780008	395.1917046666134
11780007	395.1917046666134
11720002	1853.830567541218
11710001	1055.9761409792095
11700009	256.4334938880041
11700010	256.4334938880041
11680001	2721.671574786911
11660001	47622.357606107114
11570001	33357.09826155758
11570003	33357.09826155758
11570004	33357.09826155758
11570005	33357.09826155758
11570006	33357.09826155758
11570007	33357.09826155758
11570008	33357.09826155758
11550030	2536.712217341538
11550009	2536.712217341538
11550010	2536.712217341538
11550011	2536.712217341538
11550012	2536.712217341538
11550013	2937.987424192368
11550014	2937.987424192368
11550015	2937.987424192368
11550016	2937.987424192368
11550017	2937.987424192368
11550018	2937.987424192368
11550019	2536.712217341538
11550020	2536.712217341538
11550021	2536.712217341538
11550022	2536.712217341538
11550023	2536.712217341538
11550024	2536.712217341538
11550025	2536.712217341538
11550026	2536.712217341538
11550027	2536.712217341538
11550028	2536.712217341538
11550029	2536.712217341538
11550008	2536.712217341538
11550007	2536.712217341538
11550006	2784.2818947555907
11550005	2784.2818947555907
11550001	3056.8124178454477
11550002	3056.8124178454477
11550003	3056.8124178454477
11550004	2784.2818947555907
11550058	1180.7789557453789
11550059	1180.7789557453789
11550060	1180.7789557453789
11550061	1404.3321788052624
11550062	1404.3321788052624
11550063	1404.3321788052624
11550064	1404.3321788052624
11550065	1404.3321788052624
11550066	1404.3321788052624
11550067	996.5089058283693
11550068	996.5089058283693
11550069	996.5089058283693
11550070	996.5089058283693
11550071	996.5089058283693
11550072	996.5089058283693
11550073	1404.3321788052624
11550074	1404.3321788052624
11550075	1404.3321788052624
11550076	1404.3321788052624
11550077	1404.3321788052624
11550078	1404.3321788052624
11550057	1062.3579158199896
11550079	1404.3321788052624
11550056	1062.3579158199896
11550054	16169.36627277149
11550033	2534.9482917366045
11550034	9856.500266132027
11550035	9856.500266132027
11550036	9856.500266132027
11550037	2534.9482917366045
11550038	2534.9482917366045
11550039	2534.9482917366045
11550040	2937.987424192368
11550041	2937.987424192368
11550042	2937.987424192368
11550043	2937.987424192368
11550044	2937.987424192368
11550045	2937.987424192368
11550046	2937.987424192368
11550047	2937.987424192368
11550048	2937.987424192368
11550049	2937.987424192368
11550050	2937.987424192368
11550051	2937.987424192368
11550052	16169.36627277149
11550053	16169.36627277149
11550055	1062.3579158199896
11550080	1404.3321788052624
11550081	1404.3321788052624
11550082	1404.3321788052624
11550083	1404.3321788052624
11550084	1404.3321788052624
11550085	1246.3113525416181
11550086	1246.3113525416181
11550087	1246.3113525416181
11550088	1212.4373196992522
11550089	1212.4373196992522
11550090	1212.4373196992522
11550091	1246.3113525416181
11550092	1246.3113525416181
11550032	2534.9482917366045
11550093	1246.3113525416181
11550095	996.5089058283693
11550096	996.5089058283693
11550097	996.5089058283693
11550098	996.5089058283693
11550099	996.5089058283693
11550100	1074.7743873039692
11550101	1074.7743873039692
11550102	1074.7743873039692
11550094	996.5089058283693
11550031	2534.9482917366045
11510013	4968.816869609925
11470012	1945.5959082408503
11470013	1945.5959082408503
11470015	1945.5959082408503
11470017	1945.5959082408503
11470020	1945.5959082408503
11470021	1945.5959082408503
11470007	13739.98274351865
11470005	13739.98274351865
11430003	384.61031383241084
11430004	384.61031383241084
11420002	1226.2634684500135
11400004	247.5108366102205
11390007	76780.21452416677
11390008	76780.21452416677
11390009	76780.21452416677
11390006	76780.21452416677
11390005	76780.21452416677
11390003	76780.21452416677
11390001	76780.21452416677
11390002	76780.21452416677
11390004	76780.21452416677
11340004	1063.4475938361284
11340001	1087.1313911494065
11340002	1087.1313911494065
11330001	369446.1685542537
11330002	369446.1685542537
11330003	369446.1685542537
11290001	401.84123810436415
11290002	401.84123810436415
11290003	401.84123810436415
11290004	401.84123810436415
11290005	401.84123810436415
11290006	401.84123810436415
11290007	401.84123810436415
11290008	401.84123810436415
11280007	63587.93527908613
11280006	1894.4495712949458
11280005	1894.4495712949458
11280004	1894.4495712949458
11280003	1894.4495712949458
11280001	63587.93527908613
11280002	63587.93527908613
11270002	1092.560175836366
11270003	1092.560175836366
11260001	42.22061946480456
11260007	42.22061946480456
11260013	68.32097673679061
11260019	68.32097673679061
11260025	68.32097673679061
11260031	68.32097673679061
11250008	3101.6621619903945
11250007	3101.6621619903945
11250006	3101.6621619903945
11250004	3101.6621619903945
11250001	3101.6621619903945
11250003	3101.6621619903945
11250005	3101.6621619903945
11230001	4163.633862651243
11230002	4163.633862651243
11210005	3451.6914481477343
11210006	3451.6914481477343
11210004	3451.6914481477343
11210003	3451.6914481477343
11210002	3451.6914481477343
11210001	3451.6914481477343
11190001	253.26772791284085
11190002	253.26772791284085
11190003	253.26772791284085
11190004	253.26772791284085
11190005	253.26772791284085
11190006	253.26772791284085
11190007	253.26772791284085
11190008	253.26772791284085
11190009	253.26772791284085
11190010	253.26772791284085
11190011	253.26772791284085
11190012	372.6476946313462
11190013	277.659258705115
11190014	277.659258705115
11190015	223.79767538849785
11190016	223.79767538849785
11190017	223.79767538849785
11190018	223.79767538849785
11160014	912.2225065266625
11160015	912.2225065266625
11160005	10169.19994043806
11130002	469053.07486477017
11130001	469053.07486477017
11120001	6191.211760750597
11110002	2967.186644090942
11110001	2967.186644090942
11100001	374.80168124513
11100002	374.80168124513
11090001	67317.74220775349
11090002	67317.74220775349
11090003	67317.74220775349
11090004	67317.74220775349
11090005	67317.74220775349
11070001	29120.036304566205
11070002	29120.036304566205
11050001	3314.9321721020005
11050002	3314.9321721020005
11050003	3314.9321721020005
11050004	3314.9321721020005
11040007	5693.309028251256
11040008	5693.309028251256
11040006	5693.309028251256
11040005	5693.309028251256
11040004	5693.309028251256
11040003	5693.309028251256
11040001	5693.309028251256
11040002	5693.309028251256
11000001	67051.33828011062
11000002	67051.33828011062
10990001	791.0424538004419
10980001	2252.1093831197645
10970004	2647.4792158324517
10960001	56722.12489197261
10940001	910.1609706405461
10940002	5209.557594084913
10920002	246.1277534713555
10920001	246.1277534713555
10910004	379.41135063999604
10910005	379.41135063999604
10910006	379.41135063999604
10910007	379.41135063999604
10910008	379.41135063999604
10910009	379.41135063999604
10910010	379.41135063999604
10910011	240.280867244107
10900001	1406.7815400831241
10900002	1406.7815400831241
10900003	1406.7815400831241
10900004	1176.0745468373775
10900005	634.5689357584951
10900006	1512.9468445543698
10900007	1512.9468445543698
10890001	271.822156682741
10890004	424.9277013374509
10890003	271.822156682741
10890002	271.822156682741
10870001	5930.000438573014
10870002	5930.000438573014
10870003	5930.000438573014
10870004	5930.000438573014
10860006	4293.50894736198
10860007	4293.50894736198
10860008	4293.50894736198
10860009	4293.50894736198
10860010	6412.478712816724
10860011	6412.478712816724
10860012	6412.478712816724
10860013	6412.478712816724
10860014	6412.478712816724
10860015	6412.478712816724
10860016	6412.478712816724
10860017	6412.478712816724
10860018	6412.478712816724
10860019	6412.478712816724
10860020	6412.478712816724
10860021	6412.478712816724
10860005	4293.50894736198
10860004	4293.50894736198
10860003	4293.50894736198
10860002	4293.50894736198
10860001	4293.50894736198
10850001	63466.814082105186
10850002	63466.814082105186
10850003	63466.814082105186
10850004	63466.814082105186
10850005	63466.814082105186
10850007	63466.814082105186
10850008	63466.814082105186
10850009	63466.814082105186
10850010	63466.814082105186
10850011	63466.814082105186
10850012	63466.814082105186
10850013	63466.814082105186
10850014	63466.814082105186
10850015	63466.814082105186
10850006	63466.814082105186
10840001	68474.45599074564
10840002	68474.45599074564
10840003	68474.45599074564
10840004	68474.45599074564
10840005	68474.45599074564
10810001	27662.981208851364
10810002	27662.981208851364
10800011	211.1338870520164
10800014	211.1338870520164
10800015	211.1338870520164
10790015	627.272675284426
10790010	627.272675284426
10790002	679.2808084518847
10790005	627.272675284426
10790007	679.2808084518847
10780015	92.83584814112255
10780022	92.83584814112255
10780023	92.83584814112255
10780029	92.83584814112255
10780030	92.83584814112255
10780035	92.83584814112255
10780014	92.83584814112255
10780007	92.83584814112255
10780045	92.83584814112255
10780047	92.83584814112255
10780037	92.83584814112255
10750019	9090.739646833497
10750020	9090.739646833497
10750021	9090.739646833497
10750022	9090.739646833497
10750023	9090.739646833497
10750024	9090.739646833497
10750025	9090.739646833497
10750026	9090.739646833497
10750027	9090.739646833497
10750028	9090.739646833497
10750029	9090.739646833497
10750030	9090.739646833497
10750031	9090.739646833497
10750032	9090.739646833497
10750033	9090.739646833497
10750034	9090.739646833497
10750035	9090.739646833497
10750036	9090.739646833497
10750037	9090.739646833497
10750038	9090.739646833497
10750039	9090.739646833497
10750018	9090.739646833497
10750040	9090.739646833497
10750017	9090.739646833497
10750015	9090.739646833497
10750001	9090.739646833497
10750002	9090.739646833497
10750003	9090.739646833497
10750004	9090.739646833497
10750005	9090.739646833497
10750006	9090.739646833497
10750007	9090.739646833497
10750008	9090.739646833497
10750009	9090.739646833497
10750010	9090.739646833497
10750011	9090.739646833497
10750012	9090.739646833497
10750013	9090.739646833497
10750014	9090.739646833497
10750016	9090.739646833497
10750041	9090.739646833497
10750042	9090.739646833497
10750043	9090.739646833497
10750044	9090.739646833497
10750045	9090.739646833497
10740009	894.1120180068373
10720008	339.2612097321717
10720007	339.2612097321717
10720006	339.2612097321717
10720005	789.7995059982157
10720004	240.280867244107
10720001	240.280867244107
10720002	240.280867244107
10720003	379.41135063999604
10710001	4773.792698526039
10710002	4773.792698526039
10710003	4773.792698526039
10700001	7602.183891055224
10700002	7602.183891055224
10700003	7602.183891055224
10690001	3723.8422284020508
10690002	3723.8422284020508
10690003	3723.8422284020508
10690004	3723.8422284020508
10690006	3723.8422284020508
10690005	3723.8422284020508
10680001	680.9171372818762
10680002	680.9171372818762
10680003	680.9171372818762
10680004	1027.825316546733
10680005	861.9157785144245
10688006	680.9171372818762
10670001	61247.480862104036
10670002	61247.480862104036
10670003	61247.480862104036
10670004	61247.480862104036
10660014	72218.28945123457
10660016	72218.28945123457
10660018	72218.28945123457
10660020	2934.03828638257
10660022	2934.03828638257
10660024	2934.03828638257
10660026	2934.03828638257
10660028	2934.03828638257
10660030	2934.03828638257
10660033	2934.03828638257
10660012	72218.28945123457
10660001	72218.28945123457
10660002	72218.28945123457
10660004	72218.28945123457
10660006	72218.28945123457
10660008	72218.28945123457
10660010	72218.28945123457
10650014	2271.2713723738652
10650015	2609.5712059104435
10650016	2006.3634376915081
10630003	38.57059390001713
10620001	11664.584243296023
10620002	11664.584243296023
10620003	11664.584243296023
10610006	6828.086695831347
10610005	6828.086695831347
10610004	6828.086695831347
10610003	6828.086695831347
10610002	6828.086695831347
10610001	6828.086695831347
10600005	2617.7907414793267
10570001	628.4887947367243
10560001	2720.493624380172
10560002	2720.493624380172
10560003	2720.493624380172
10560004	2720.493624380172
10540001	55507.99882097016
10540002	55507.99882097016
10540003	55507.99882097016
10540004	55507.99882097016
10530002	78274.96056937413
10530001	78274.96056937413
10530005	78274.96056937413
10530006	78274.96056937413
10530007	78274.96056937413
10530008	78274.96056937413
10530009	78274.96056937413
10530010	78274.96056937413
10530011	78274.96056937413
10530012	78274.96056937413
10530004	78274.96056937413
10530003	78274.96056937413
10520001	2695.0992372583323
10520002	2695.0992372583323
10510002	244.5070119110798
10510003	244.5070119110798
10510004	249.5234718401597
10510005	964.5709745438519
10510006	1133.2230139180583
10510007	1133.2230139180583
10510008	1894.4495712949458
10510009	964.5709745438519
10510010	92508.39277640956
10510011	92508.39277640956
10490001	88888.62175233742
10440002	379.41135063999604
10440006	379.41135063999604
10440007	379.41135063999604
10440008	379.41135063999604
10440009	1512.9468445543698
10440010	1512.9468445543698
10440011	1512.9468445543698
10440012	1512.9468445543698
10440013	33357.09826155758
10440014	33357.09826155758
10440015	33357.09826155758
10440016	33357.09826155758
10440017	33357.09826155758
10440018	33357.09826155758
10440019	33357.09826155758
10440020	33357.09826155758
10440022	33357.09826155758
10440023	33357.09826155758
10440024	33357.09826155758
10440025	33357.09826155758
10440026	33357.09826155758
10440027	33357.09826155758
10440028	33357.09826155758
10440021	33357.09826155758
10430001	861.9157785144245
10430002	861.9157785144245
10430003	861.9157785144245
10430004	339.2612097321717
10430005	339.2612097321717
10430006	274.81695492989525
10430007	339.2612097321717
10430008	708.8651505778345
10430009	2176.3234167117475
10430010	339.2612097321717
10430011	861.9157785144245
10430012	861.9157785144245
10430013	861.9157785144245
10430014	339.2612097321717
10430015	339.2612097321717
10420002	19836.692900798702
10420001	19836.692900798702
10410001	3579.087782712984
10400001	3776.1600596401054
10400002	3776.1600596401054
10390001	69337.54006382829
10390002	69337.54006382829
10390003	69337.54006382829
10390004	69337.54006382829
10390005	69337.54006382829
10390006	69337.54006382829
10370001	4529.089043497189
10350001	290548.99983070756
10340001	3388.310255749016
10330027	5934.574137486859
10330028	5934.574137486859
10330029	5934.574137486859
10330030	5934.574137486859
10330026	5934.574137486859
10330025	5934.574137486859
10330024	5934.574137486859
10330023	5934.574137486859
10330001	5934.574137486859
10330002	5934.574137486859
10330003	5934.574137486859
10330004	5934.574137486859
10330005	5934.574137486859
10330006	5934.574137486859
10330007	5934.574137486859
10330008	5934.574137486859
10330009	5934.574137486859
10330010	5934.574137486859
10330011	5934.574137486859
10330013	5934.574137486859
10330014	5934.574137486859
10330015	5934.574137486859
10330016	5934.574137486859
10330017	5934.574137486859
10330018	5934.574137486859
10330019	5934.574137486859
10330020	5934.574137486859
10330021	5934.574137486859
10330022	5934.574137486859
10330012	5934.574137486859
10320001	3724.709967292375
10310001	235661.91164996623
10310002	235661.91164996623
10260006	1285.4518850520894
10260002	1285.4518850520894
10260005	1285.4518850520894
10250001	2856.120257973264
10250002	2856.120257973264
10250003	2856.120257973264
10250004	2856.120257973264
10250005	2856.120257973264
10250006	2856.120257973264
10250007	2856.120257973264
10250008	2856.120257973264
10250009	2856.120257973264
10250010	2856.120257973264
10250011	2856.120257973264
10250012	2856.120257973264
10240001	3573.2349156094556
10240002	3573.2349156094556
10220001	73470.10226994398
10220002	73470.10226994398
10220003	73470.10226994398
10220004	73470.10226994398
10220005	73470.10226994398
10220006	73470.10226994398
10210003	21.4206471703373
10210007	21.4206471703373
10210008	21.4206471703373
10180001	6362.386087742334
10180024	6250.8883015875235
10180002	6362.386087742334
10180003	6362.386087742334
10180004	6362.386087742334
10180005	6362.386087742334
10180006	6362.386087742334
10180007	6362.386087742334
10180008	6362.386087742334
10180009	6362.386087742334
10180010	6362.386087742334
10180011	6362.386087742334
10180012	6362.386087742334
10180014	6250.8883015875235
10180015	6250.8883015875235
10180016	6250.8883015875235
10180017	6250.8883015875235
10180018	6250.8883015875235
10180019	6250.8883015875235
10180020	6250.8883015875235
10180021	6250.8883015875235
10180022	6250.8883015875235
10180023	6250.8883015875235
10180013	6250.8883015875235
10170001	188.1241286166092
10170002	5930.000438573014
10170003	5930.000438573014
10170004	5930.000438573014
10170005	5930.000438573014
10160008	92.83584814112255
10160018	92.83584814112255
10150003	3991.329363941523
10150002	3991.329363941523
10150001	3991.329363941523
10140004	3573.2349156094556
10140001	3573.2349156094556
10140002	3573.2349156094556
10140003	3573.2349156094556
10120005	2307.4579282026098
10120006	2307.4579282026098
10120008	2307.4579282026098
10110044	2515.83416954813
10110023	2515.83416954813
10110024	2515.83416954813
10110026	2515.83416954813
10110027	2515.83416954813
10110028	2515.83416954813
10110029	2515.83416954813
10110030	2515.83416954813
10110033	2515.83416954813
10110034	2515.83416954813
10110035	2515.83416954813
10110036	2515.83416954813
10110037	2515.83416954813
10110038	2515.83416954813
10110040	2515.83416954813
10110041	2515.83416954813
10110042	2515.83416954813
10110043	2515.83416954813
10110022	2515.83416954813
10110021	2515.83416954813
10110020	2515.83416954813
10110019	2515.83416954813
10110001	2515.83416954813
10110002	2515.83416954813
10110005	2515.83416954813
10110006	2515.83416954813
10110007	2515.83416954813
10110009	2515.83416954813
10110012	2515.83416954813
10110013	2515.83416954813
10110014	2515.83416954813
10110015	2515.83416954813
10110016	2515.83416954813
10110008	2515.83416954813
10110047	2515.83416954813
10110048	2515.83416954813
10110049	2515.83416954813
10110050	2515.83416954813
10110053	2515.83416954813
10110054	2515.83416954813
10110055	2515.83416954813
10110045	2515.83416954813
10090001	163.49391588424348
10090004	163.49391588424348
10090005	163.49391588424348
10090006	163.49391588424348
10090009	163.49391588424348
10080001	5285.090648200857
10060002	31664.966846793024
10060001	31664.966846793024
10060030	31664.966846793024
10060031	31664.966846793024
10060032	31664.966846793024
10060033	31664.966846793024
10060034	31664.966846793024
10060035	31664.966846793024
10060036	31664.966846793024
10060037	31664.966846793024
10060038	31664.966846793024
10060039	31664.966846793024
10060029	31664.966846793024
10060028	31664.966846793024
10060026	31664.966846793024
10060005	31664.966846793024
10060006	31664.966846793024
10060007	31664.966846793024
10060008	31664.966846793024
10060009	31664.966846793024
10060010	31664.966846793024
10060011	31664.966846793024
10060012	31664.966846793024
10060013	31664.966846793024
10060014	31664.966846793024
10060015	31664.966846793024
10060016	31664.966846793024
10060017	31664.966846793024
10060018	31664.966846793024
10060019	31664.966846793024
10060020	58379.810875479496
10060021	31664.966846793024
10060022	31664.966846793024
10060023	31664.966846793024
10060024	31664.966846793024
10060025	31664.966846793024
10060027	31664.966846793024
10060004	31664.966846793024
10060003	31664.966846793024
10020002	11311.31222201397
10020001	6481.069519891296
9990001	4129.72993977985
9990002	4129.72993977985
9990003	4129.72993977985
9990004	4129.72993977985
9990005	4129.72993977985
9990006	4129.72993977985
9990008	4129.72993977985
9990009	5739.355355986406
9990010	4892.482279835632
9990007	4129.72993977985
9950001	8952.091841709385
9950002	8952.091841709385
9940001	82507.22373826461
9940002	87267.57957421485
9940003	87267.57957421485
9940004	87267.57957421485
9920001	2258.765410170602
9920002	2258.765410170602
9920003	2258.765410170602
9920004	2258.765410170602
9910006	726.3990095835085
9910007	726.3990095835085
9910005	726.3990095835085
9910004	726.3990095835085
9910002	726.3990095835085
9910001	726.3990095835085
9910003	726.3990095835085
9890001	3845.79440385692
9880001	5087.181839156731
9870001	708.8651505778345
9870004	339.2612097321717
9870005	339.2612097321717
9870006	339.2612097321717
9870007	708.8651505778345
9870008	708.8651505778345
9870009	708.8651505778345
9870010	339.2612097321717
9870011	339.2612097321717
9870012	339.2612097321717
9870013	708.8651505778345
9870014	708.8651505778345
9870015	708.8651505778345
9870016	339.2612097321717
9870017	339.2612097321717
9870018	339.2612097321717
9870003	708.8651505778345
9870002	708.8651505778345
9860001	1027.825316546733
9860002	1027.825316546733
9840003	40960.694738385086
9840004	4358.801890385613
9840005	4358.801890385613
9840006	25609.68753253313
9840007	38061.2499911851
9840008	38061.2499911851
9840009	114942.47437270841
9840010	708.5077527018921
9840011	708.5077527018921
9840012	40960.694738385086
9840013	4358.801890385613
9840014	4358.801890385613
9840015	25609.68753253313
9840016	38061.2499911851
9840017	38061.2499911851
9840018	114942.47437270841
9840002	708.5077527018921
9840001	708.5077527018921
9820005	806.3080799614353
9770001	3394.466179496839
9760001	1962.8995860273894
9750001	7791.611689706203
9730005	234065.01963416624
9730001	234065.01963416624
9730002	234065.01963416624
9730003	234065.01963416624
9730004	234065.01963416624
9730008	234065.01963416624
9730009	234065.01963416624
9730010	234065.01963416624
9730011	234065.01963416624
9730012	234065.01963416624
9730007	234065.01963416624
9730006	234065.01963416624
9710037	3291.1151857949885
9710016	3291.1151857949885
9710017	3291.1151857949885
9710018	3291.1151857949885
9710019	3291.1151857949885
9710020	3291.1151857949885
9710021	3291.1151857949885
9710022	3291.1151857949885
9710023	3291.1151857949885
9710024	3291.1151857949885
9710025	3291.1151857949885
9710026	3291.1151857949885
9710027	3291.1151857949885
9710028	3291.1151857949885
9710029	3291.1151857949885
9710030	3291.1151857949885
9710031	3291.1151857949885
9710032	3291.1151857949885
9710033	3291.1151857949885
9710034	3291.1151857949885
9710035	3291.1151857949885
9710036	3291.1151857949885
9710015	3291.1151857949885
9710014	3291.1151857949885
9710013	3291.1151857949885
9710012	3291.1151857949885
9710002	3291.1151857949885
9710003	3291.1151857949885
9710004	3291.1151857949885
9710005	3291.1151857949885
9710006	3291.1151857949885
9710007	3291.1151857949885
9710008	3291.1151857949885
9710009	3291.1151857949885
9710010	3291.1151857949885
9710011	3291.1151857949885
9710001	3291.1151857949885
9710065	3291.1151857949885
9710066	3291.1151857949885
9710067	3291.1151857949885
9710068	3291.1151857949885
9710069	3291.1151857949885
9710070	3291.1151857949885
9710071	3291.1151857949885
9710072	3291.1151857949885
9710073	3291.1151857949885
9710074	3291.1151857949885
9710075	3291.1151857949885
9710076	3291.1151857949885
9710077	3291.1151857949885
9710078	3291.1151857949885
9710079	3291.1151857949885
9710080	3291.1151857949885
9710081	3291.1151857949885
9710082	3291.1151857949885
9710083	3291.1151857949885
9710084	3291.1151857949885
9710085	3291.1151857949885
9710064	3291.1151857949885
9710086	3291.1151857949885
9710063	3291.1151857949885
9710061	3291.1151857949885
9710040	3291.1151857949885
9710041	3291.1151857949885
9710042	3291.1151857949885
9710043	3291.1151857949885
9710044	3291.1151857949885
9710045	3291.1151857949885
9710046	3291.1151857949885
9710047	3291.1151857949885
9710048	3291.1151857949885
9710049	3291.1151857949885
9710050	3291.1151857949885
9710051	3291.1151857949885
9710052	3291.1151857949885
9710053	3291.1151857949885
9710054	3291.1151857949885
9710055	3291.1151857949885
9710056	3291.1151857949885
9710057	3291.1151857949885
9710058	3291.1151857949885
9710059	3291.1151857949885
9710060	3291.1151857949885
9710062	3291.1151857949885
9710087	3291.1151857949885
9710088	3291.1151857949885
9710089	3291.1151857949885
9710090	3291.1151857949885
9710091	3291.1151857949885
9710092	3291.1151857949885
9710093	3291.1151857949885
9710094	3291.1151857949885
9710095	3291.1151857949885
9710096	3291.1151857949885
9710097	3291.1151857949885
9710098	3291.1151857949885
9710099	3291.1151857949885
9710039	3291.1151857949885
9710100	3291.1151857949885
9710102	3291.1151857949885
9710103	3291.1151857949885
9710104	3291.1151857949885
9710105	3291.1151857949885
9710106	3291.1151857949885
9710107	3291.1151857949885
9710108	3291.1151857949885
9710101	3291.1151857949885
9710038	3291.1151857949885
9700001	220.9927190159643
9700002	220.9927190159643
9700003	220.9927190159643
9700004	220.9927190159643
9700005	220.9927190159643
9700006	220.9927190159643
9700007	220.9927190159643
9700008	220.9927190159643
9700009	753.3662840237985
9700010	1227.335854704454
9700011	220.9927190159643
9700012	753.3662840237985
9700013	1227.335854704454
9700014	753.3662840237985
9700015	220.9927190159643
9700016	220.9927190159643
9690012	1127.1428728962876
9690001	1127.1428728962876
9690002	1127.1428728962876
9690003	1127.1428728962876
9690004	1127.1428728962876
9690005	1127.1428728962876
9690006	1127.1428728962876
9690007	1127.1428728962876
9690008	1127.1428728962876
9690009	1127.1428728962876
9690010	1127.1428728962876
9690011	1127.1428728962876
9690040	1127.1428728962876
9690041	1127.1428728962876
9690042	1127.1428728962876
9690043	1127.1428728962876
9690044	1127.1428728962876
9690045	1127.1428728962876
9690046	1127.1428728962876
9690047	1127.1428728962876
9690048	1127.1428728962876
9690049	1127.1428728962876
9690050	1127.1428728962876
9690051	1127.1428728962876
9690052	1127.1428728962876
9690053	1127.1428728962876
9690054	1127.1428728962876
9690055	1127.1428728962876
9690056	1127.1428728962876
9690057	1127.1428728962876
9690058	1127.1428728962876
9690059	1127.1428728962876
9690039	1127.1428728962876
9690038	1127.1428728962876
9690036	1127.1428728962876
9690015	1127.1428728962876
9690016	1127.1428728962876
9690017	1127.1428728962876
9690018	1127.1428728962876
9690019	1127.1428728962876
9690020	1127.1428728962876
9690021	1127.1428728962876
9690022	1127.1428728962876
9690023	1127.1428728962876
9690024	1127.1428728962876
9690025	1127.1428728962876
9690026	1127.1428728962876
9690027	1127.1428728962876
9690028	1127.1428728962876
9690029	1127.1428728962876
9690030	1127.1428728962876
9690031	1127.1428728962876
9690032	1127.1428728962876
9690033	1127.1428728962876
9690034	1127.1428728962876
9690035	1127.1428728962876
9690037	1127.1428728962876
9690014	1127.1428728962876
9690013	1127.1428728962876
9680001	2856.120257973264
9680002	2856.120257973264
9680003	2856.120257973264
9680004	2856.120257973264
9680005	2856.120257973264
9680006	2856.120257973264
9680007	2856.120257973264
9680008	2856.120257973264
9680009	2856.120257973264
9680010	2856.120257973264
9680011	2856.120257973264
9680012	2856.120257973264
9680039	2856.120257973264
9680040	2856.120257973264
9680041	2856.120257973264
9680042	2856.120257973264
9680043	2856.120257973264
9680044	2856.120257973264
9680045	2856.120257973264
9680046	2856.120257973264
9680047	2856.120257973264
9680048	2856.120257973264
9680038	2856.120257973264
9680037	2856.120257973264
9680036	2856.120257973264
9680035	2856.120257973264
9680013	2856.120257973264
9680014	2856.120257973264
9680015	2856.120257973264
9680016	2856.120257973264
9680017	2856.120257973264
9680018	2856.120257973264
9680019	2856.120257973264
9680020	2856.120257973264
9680021	2856.120257973264
9680022	2856.120257973264
9680023	2856.120257973264
9680025	2856.120257973264
9680026	2856.120257973264
9680027	2856.120257973264
9680028	2856.120257973264
9680029	2856.120257973264
9680030	2856.120257973264
9680031	2856.120257973264
9680032	2856.120257973264
9680033	2856.120257973264
9680034	2856.120257973264
9680024	2856.120257973264
9660002	4629.113922664263
9650022	634.5689357584951
9650021	634.5689357584951
9650020	634.5689357584951
9650018	634.5689357584951
9650001	634.5689357584951
9650002	634.5689357584951
9650003	634.5689357584951
9650004	634.5689357584951
9650005	634.5689357584951
9650006	634.5689357584951
9650007	634.5689357584951
9650008	634.5689357584951
9650009	634.5689357584951
9650010	634.5689357584951
9650011	634.5689357584951
9650012	634.5689357584951
9650013	634.5689357584951
9650014	634.5689357584951
9650015	634.5689357584951
9650016	634.5689357584951
9650017	634.5689357584951
9650019	634.5689357584951
9620007	241.1644702791219
9580003	271.822156682741
9570001	463.5292063238256
9570002	463.5292063238256
9570003	463.5292063238256
9570004	463.5292063238256
9570005	463.5292063238256
9570006	463.5292063238256
9570007	463.5292063238256
9570008	463.5292063238256
9570009	463.5292063238256
9570011	45312.47505137086
9570012	463.5292063238256
9560018	300.5252150334945
9560019	300.5252150334945
9560023	300.5252150334945
9560025	300.5252150334945
9560030	300.5252150334945
9560032	300.5252150334945
9560013	300.5252150334945
9560005	300.5252150334945
9560006	300.5252150334945
9560007	300.5252150334945
9560010	300.5252150334945
9560012	300.5252150334945
9560014	300.5252150334945
9550036	240.72930045524802
9550042	239.77692347243814
9550020	7.9013138694676925
9550019	7.9013138694676925
9550004	7.9013138694676925
9550005	7.9013138694676925
9550006	7.9013138694676925
9550007	7.9013138694676925
9550009	7.9013138694676925
9550010	7.9013138694676925
9550011	7.9013138694676925
9550012	7.9013138694676925
9550013	7.9013138694676925
9550014	7.9013138694676925
9550015	7.9013138694676925
9550016	7.9013138694676925
9550017	7.9013138694676925
9550018	7.9013138694676925
9550008	7.9013138694676925
9550055	1594.922369775348
9530001	1406.7815400831241
9530002	1406.7815400831241
9510008	1217.1534268419775
9510009	1217.1534268419775
9510010	1217.1534268419775
9500008	834.685901653546
9500001	834.685901653546
9500002	834.685901653546
9500003	834.685901653546
9500004	834.685901653546
9500005	834.685901653546
9500006	834.685901653546
9500007	834.685901653546
9490009	339.2612097321717
9490010	339.2612097321717
9490011	339.2612097321717
9490012	339.2612097321717
9490013	339.2612097321717
9490014	339.2612097321717
9490015	339.2612097321717
9490016	339.2612097321717
9470004	240.280867244107
9470007	240.280867244107
9450001	4069.4323303396577
9450002	1160.229597588935
9430005	3812.6401480025293
9400001	6498.186281421192
9380001	17205.46800085498
9380002	17205.46800085498
9380003	17205.46800085498
9380004	17205.46800085498
9380005	17205.46800085498
9380006	17205.46800085498
9380007	17205.46800085498
9380008	17205.46800085498
9360038	284525.7824674404
9350003	352.30057584741945
9350004	352.30057584741945
9330001	293.02241362722077
9330002	293.02241362722077
9330003	349.53679251685077
9330004	293.02241362722077
9330005	293.02241362722077
9330006	349.53679251685077
9330007	293.02241362722077
9330008	293.02241362722077
9330010	491.08557445438447
9330011	491.08557445438447
9330012	491.08557445438447
9330013	491.08557445438447
9330014	491.08557445438447
9330015	491.08557445438447
9330017	491.08557445438447
9330018	491.08557445438447
9330020	491.08557445438447
9330021	491.08557445438447
9330022	491.08557445438447
9330023	491.08557445438447
9330025	491.08557445438447
9330028	508.0633500351715
9330029	403.7300513587057
9330031	403.7300513587057
9330024	491.08557445438447
9310011	1412.0750569908732
9310001	1330.9318986991755
9310002	1330.9318986991755
9310003	1599.2710193890796
9310004	1330.9318986991755
9310005	1330.9318986991755
9310007	1330.9318986991755
9310008	1330.9318986991755
9310009	1599.2710193890796
9310018	1412.0750569908732
9310025	1412.0750569908732
9310028	1569.87255828188
9310029	1447.090793451504
9310031	1447.090793451504
9300027	2654.2576223819256
9300028	2654.2576223819256
9300029	2654.2576223819256
9300030	2654.2576223819256
9300031	2654.2576223819256
9300032	2654.2576223819256
9300033	2654.2576223819256
9300034	2654.2576223819256
9300035	2654.2576223819256
9300036	2654.2576223819256
9300037	2654.2576223819256
9300026	2654.2576223819256
9300025	2654.2576223819256
9300024	2654.2576223819256
9300023	2654.2576223819256
9300001	2654.2576223819256
9300002	2654.2576223819256
9300003	2654.2576223819256
9300004	2654.2576223819256
9300005	2654.2576223819256
9300006	2654.2576223819256
9300007	2654.2576223819256
9300008	2654.2576223819256
9300009	2654.2576223819256
9300010	2654.2576223819256
9300011	2654.2576223819256
9300013	2654.2576223819256
9300014	2654.2576223819256
9300015	2654.2576223819256
9300016	2654.2576223819256
9300017	2654.2576223819256
9300018	2654.2576223819256
9300019	2654.2576223819256
9300020	2654.2576223819256
9300021	2654.2576223819256
9300022	2654.2576223819256
9300012	2654.2576223819256
9280006	1974.7770420494717
9280007	2852.0123873314938
9280008	2852.0123873314938
9280009	1974.7770420494717
9280013	2450.8873625516917
9280014	2450.8873625516917
9280016	2450.8873625516917
9280021	2450.8873625516917
9280022	2450.8873625516917
9280023	2450.8873625516917
9280025	2450.8873625516917
9280005	2852.0123873314938
9280004	2852.0123873314938
9280003	1974.7770420494717
9280002	2852.0123873314938
9280001	2852.0123873314938
9280029	1611.9541408041541
9280028	1762.7749742304864
9270018	419.3158504423602
9270025	428.47712120422693
9270027	347.967185736316
9270033	419.3158504423602
9270011	419.3158504423602
9270004	419.3158504423602
9260001	3684.092153908804
9260002	3684.092153908804
9240009	2004.8371119018907
9240010	2004.8371119018907
9240008	2072.3277074704074
9240007	2072.3277074704074
9230027	98366.26087378013
9230028	98366.26087378013
9230033	52066.294183051614
9230034	52066.294183051614
9230037	98366.26087378013
9230038	98366.26087378013
9230024	52066.294183051614
9230023	52066.294183051614
9230003	52066.294183051614
9230004	52066.294183051614
9230005	318629.3459607192
9230007	98366.26087378013
9230008	98366.26087378013
9230013	52066.294183051614
9230014	52066.294183051614
9230015	318629.3459607192
9230017	98366.26087378013
9230018	98366.26087378013
9210001	33357.09826155758
9210029	33357.09826155758
9210030	33357.09826155758
9210031	33357.09826155758
9210032	33357.09826155758
9210033	33357.09826155758
9210034	33357.09826155758
9210035	33357.09826155758
9210036	33357.09826155758
9210037	33357.09826155758
9210038	33357.09826155758
9210039	33357.09826155758
9210028	33357.09826155758
9210027	33357.09826155758
9210025	33357.09826155758
9210004	33357.09826155758
9210005	33357.09826155758
9210006	33357.09826155758
9210007	33357.09826155758
9210008	33357.09826155758
9210009	33357.09826155758
9210010	33357.09826155758
9210011	33357.09826155758
9210012	33357.09826155758
9210013	33357.09826155758
9210014	33357.09826155758
9210015	33357.09826155758
9210016	33357.09826155758
9210017	33357.09826155758
9210018	33357.09826155758
9210019	33357.09826155758
9210020	33357.09826155758
9210021	33357.09826155758
9210022	33357.09826155758
9210023	33357.09826155758
9210024	33357.09826155758
9210026	33357.09826155758
9210003	33357.09826155758
9210002	33357.09826155758
9200001	33357.09826155758
9200002	33357.09826155758
9200003	33357.09826155758
9200004	33357.09826155758
9200005	33357.09826155758
9200006	33357.09826155758
9200007	33357.09826155758
9200008	33357.09826155758
9190001	10271.934141035566
9180001	33357.09826155758
9180002	33357.09826155758
9180003	33357.09826155758
9180004	33357.09826155758
9180005	33357.09826155758
9180006	2330.2578886651304
9180007	2330.2578886651304
9180008	2330.2578886651304
9180009	2330.2578886651304
9180010	2330.2578886651304
9180011	2330.2578886651304
9160002	3744.8736447960227
9160001	3744.8736447960227
9150001	1914.483463269333
9150002	1914.483463269333
9150003	1551.6970383822106
9150004	1551.6970383822106
9150005	7468.157849322834
9150006	7468.157849322834
9150007	1936.2767585802399
9150008	1936.2767585802399
9150009	1217.4198273654176
9150010	1217.4198273654176
9150011	409.6016020117118
9150012	409.6016020117118
9150013	1600.922070443393
9150014	1600.922070443393
9150015	2803.496508562912
9150016	2803.496508562912
9150017	558.6230428422327
9150040	1223.05374786264
9150018	558.6230428422327
9150019	1223.05374786264
9150020	1223.05374786264
9150021	1914.483463269333
9150022	1914.483463269333
9150023	1551.6970383822106
9150024	1551.6970383822106
9150025	7468.157849322834
9150026	7468.157849322834
9150027	1936.2767585802399
9150028	1936.2767585802399
9150030	1217.4198273654176
9150031	409.6016020117118
9150032	409.6016020117118
9150033	1600.922070443393
9150034	1600.922070443393
9150035	2803.496508562912
9150036	2803.496508562912
9150037	558.6230428422327
9150038	558.6230428422327
9150039	1223.05374786264
9150029	1217.4198273654176
9140008	15865.787642863486
9140009	33918.391887833954
9140010	33918.391887833954
9140011	9535.97384021519
9140012	9535.97384021519
9140007	15865.787642863486
9110001	13737.308444047854
9100002	7512.9452009084625
9100003	7512.9452009084625
9100004	7512.9452009084625
9100005	7512.9452009084625
9100006	7512.9452009084625
9100007	7512.9452009084625
9100008	7512.9452009084625
9100009	7512.9452009084625
9100010	7512.9452009084625
9100001	7512.9452009084625
9090003	2468.8239108458156
9090001	2468.8239108458156
9090002	2468.8239108458156
9090004	2468.8239108458156
9060001	1865.2152663593
9040001	4701.436790922973
9040002	4701.436790922973
9030001	268.8120636725809
9020001	19398.20065944425
9010009	943.2136044527291
9010008	943.2136044527291
9010007	943.2136044527291
9010006	943.2136044527291
9010005	722.5114712896582
9010001	943.2136044527291
9010002	943.2136044527291
9010003	722.5114712896582
9010004	943.2136044527291
9000001	235661.91164996623
9000002	235661.91164996623
9000003	235661.91164996623
9000004	235661.91164996623
8970002	1757.9858055386126
8960020	14434.807202532282
8960021	14434.807202532282
8960022	14434.807202532282
8960023	14434.807202532282
8960024	14434.807202532282
8960025	14434.807202532282
8960026	14434.807202532282
8960019	14434.807202532282
8960018	14434.807202532282
8960016	14434.807202532282
8960001	14434.807202532282
8960002	14434.807202532282
8960003	14434.807202532282
8960004	14434.807202532282
8960005	14434.807202532282
8960006	14434.807202532282
8960007	14434.807202532282
8960008	14434.807202532282
8960009	14434.807202532282
8960010	14434.807202532282
8960011	14434.807202532282
8960012	14434.807202532282
8960013	14434.807202532282
8960014	14434.807202532282
8960015	14434.807202532282
8960017	14434.807202532282
8950003	10289.529814495243
8950004	10289.529814495243
8950005	10289.529814495243
8950006	10289.529814495243
8950007	10289.529814495243
8950008	10289.529814495243
8950002	10289.529814495243
8950001	10289.529814495243
8900001	50725.25532803873
8900002	50725.25532803873
8900003	50725.25532803873
8900004	50725.25532803873
8900005	50725.25532803873
8900006	50725.25532803873
8900007	50725.25532803873
8900008	50725.25532803873
8880005	3079.9769355037365
8820004	3208.624469986416
8800001	2245.945601364149
8800002	2245.945601364149
8800003	2245.945601364149
8780001	8496.292617160325
8770009	4345.8026555141605
8770014	4345.8026555141605
8770008	4345.8026555141605
8770007	4345.8026555141605
8770005	4345.8026555141605
8770002	4345.8026555141605
8770003	4345.8026555141605
8770004	4345.8026555141605
8770006	4345.8026555141605
8740001	8984.31127452739
8660001	2907.6993652052047
8640002	5131.713643473113
8620003	4719.296809410023
8610006	4718.141773539189
8610007	4718.141773539189
8600002	416.3260702575408
8590015	367.5944889687903
8590026	367.5944889687903
8590034	1119.5816244107466
8590035	1119.5816244107466
8590036	1119.5816244107466
8590037	459.61891968754077
8590038	459.61891968754077
8580001	55530.499074217434
8580002	55530.499074217434
8580003	55530.499074217434
8580004	55530.499074217434
8570005	3073.8749858052556
8560001	145.53174892885272
8560003	145.53174892885272
8560033	236.2544055967398
8560036	236.2544055967398
8560040	145.53174892885272
8560041	145.53174892885272
8560043	145.53174892885272
8560045	145.53174892885272
8560046	145.53174892885272
8560047	145.53174892885272
8560048	464.9907346404136
8540001	2591.7798078414385
8540002	2591.7798078414385
8540003	2591.7798078414385
8540004	2591.7798078414385
8540005	2591.7798078414385
8540006	2591.7798078414385
8540007	2591.7798078414385
8530001	895.0785734770341
8530003	895.0785734770341
8530004	895.0785734770341
8530005	895.0785734770341
8530006	895.0785734770341
8530007	895.0785734770341
8520003	3243.8060296541084
8510014	16297.256634698448
8510015	16297.256634698448
8510016	16297.256634698448
8510017	16297.256634698448
8510013	16297.256634698448
8510012	16297.256634698448
8510010	16297.256634698448
8510001	4590.852335503784
8510002	4590.852335503784
8510003	4590.852335503784
8510004	4590.852335503784
8510011	16297.256634698448
8490033	1821.5213921682384
8490034	1815.5318800421012
8490036	1815.5318800421012
8490038	1815.5318800421012
8490039	1815.5318800421012
8490042	2397.040141654791
8490043	2397.040141654791
8490044	2306.823097890844
8490045	1821.5213921682384
8490047	1821.5213921682384
8490048	1815.5318800421012
8490050	1815.5318800421012
8490051	1815.5318800421012
8490009	852.0325434321717
8490012	2118.8691183590163
8490019	1082.8655038501454
8490020	1082.8655038501454
8490027	2306.823097890844
8480001	910.9881220872833
8480002	910.9881220872833
8480003	910.9881220872833
8480004	910.9881220872833
8480005	910.9881220872833
8480006	910.9881220872833
8480007	910.9881220872833
8480008	910.9881220872833
8480009	910.9881220872833
8480010	910.9881220872833
8480011	910.9881220872833
8480012	910.9881220872833
8480013	910.9881220872833
8480014	910.9881220872833
8480015	910.9881220872833
8480016	910.9881220872833
8470001	62792.05688962847
8470002	62792.05688962847
8470003	62792.05688962847
8460030	1594.922369775348
8460029	1594.922369775348
8460028	1594.922369775348
8460026	1594.922369775348
8460010	1594.922369775348
8460011	1594.922369775348
8460012	1594.922369775348
8460013	1594.922369775348
8460014	1594.922369775348
8460015	1594.922369775348
8460025	1594.922369775348
8460027	1594.922369775348
8450012	453.81124208925115
8450013	453.81124208925115
8450014	453.81124208925115
8450015	453.81124208925115
8450017	209.03348394826003
8440009	40350.04628814963
8440010	40350.04628814963
8420006	3064.601290667438
8410001	3347.414432757509
8410002	15778.670760156738
8410003	15778.670760156738
8410004	3797.2737442207394
8410005	3797.2737442207394
8410006	3797.2737442207394
8410007	3190.997200117026
8410008	5693.309028251256
8400001	7942.706849034896
8400002	10741.321533645307
8390015	16987.19622017821
8390016	16987.19622017821
8390017	16987.19622017821
8390010	16987.19622017821
8390008	6276.618681879807
8390001	6276.618681879807
8390002	6276.618681879807
8390003	6276.618681879807
8390004	6276.618681879807
8390005	6276.618681879807
8390006	6276.618681879807
8390007	6276.618681879807
8390009	16987.19622017821
8360001	71195.00685181897
8360002	71195.00685181897
8360003	71195.00685181897
8360004	71195.00685181897
8360005	71195.00685181897
8360006	71195.00685181897
8360007	71195.00685181897
8360008	71195.00685181897
8360009	71195.00685181897
8360010	71195.00685181897
8360011	71195.00685181897
8360012	71195.00685181897
8360013	71195.00685181897
8360014	71195.00685181897
8360015	71195.00685181897
8360042	71195.00685181897
8360043	71195.00685181897
8360044	71195.00685181897
8360045	71195.00685181897
8360046	71195.00685181897
8360047	71195.00685181897
8360048	71195.00685181897
8360049	71195.00685181897
8360050	71195.00685181897
8360051	71195.00685181897
8360052	71195.00685181897
8360053	71195.00685181897
8360041	71195.00685181897
8360040	71195.00685181897
8360039	71195.00685181897
8360038	71195.00685181897
8360016	71195.00685181897
8360017	71195.00685181897
8360018	71195.00685181897
8360019	71195.00685181897
8360020	71195.00685181897
8360021	71195.00685181897
8360022	71195.00685181897
8360023	71195.00685181897
8360024	71195.00685181897
8360025	71195.00685181897
8360026	71195.00685181897
8360028	71195.00685181897
8360029	71195.00685181897
8360030	71195.00685181897
8360031	71195.00685181897
8360032	71195.00685181897
8360033	71195.00685181897
8360034	71195.00685181897
8360035	71195.00685181897
8360036	71195.00685181897
8360037	71195.00685181897
8360027	71195.00685181897
8340001	71195.00685181897
8340002	71195.00685181897
8340003	71195.00685181897
8340004	71195.00685181897
8340005	71195.00685181897
8340006	71195.00685181897
8330023	71195.00685181897
8330024	71195.00685181897
8330025	71195.00685181897
8330022	71195.00685181897
8330021	71195.00685181897
8330019	71195.00685181897
8330001	71195.00685181897
8330002	71195.00685181897
8330003	71195.00685181897
8330004	71195.00685181897
8330005	71195.00685181897
8330006	71195.00685181897
8330007	71195.00685181897
8330008	71195.00685181897
8330009	71195.00685181897
8330010	71195.00685181897
8330011	71195.00685181897
8330012	71195.00685181897
8330013	71195.00685181897
8330014	71195.00685181897
8330015	71195.00685181897
8330016	71195.00685181897
8330017	71195.00685181897
8330018	71195.00685181897
8330020	71195.00685181897
8320004	71195.00685181897
8320001	71195.00685181897
8320002	71195.00685181897
8320003	71195.00685181897
8320007	71195.00685181897
8320008	71195.00685181897
8320009	71195.00685181897
8320006	71195.00685181897
8320005	71195.00685181897
8310001	71195.00685181897
8310002	71195.00685181897
8310003	71195.00685181897
8310004	71195.00685181897
8310005	71195.00685181897
8310006	71195.00685181897
8310007	71195.00685181897
8310008	71195.00685181897
8310009	71195.00685181897
8310010	71195.00685181897
8310011	71195.00685181897
8310012	71195.00685181897
8310013	71195.00685181897
8300001	268.8120636725809
8300002	268.8120636725809
8300003	268.8120636725809
8290019	256.4334938880041
8290020	256.4334938880041
8290018	256.4334938880041
8290017	1133.2230139180583
8290016	1133.2230139180583
8290015	253.26772791284085
8290001	259.7697119035093
8290002	344.96710842921703
8290003	1133.2230139180583
8290005	1133.2230139180583
8290006	259.7697119035093
8290007	259.7697119035093
8290008	344.96710842921703
8290009	1133.2230139180583
8290010	1133.2230139180583
8290011	259.7697119035093
8290012	344.96710842921703
8290013	344.96710842921703
8290014	253.26772791284085
8290004	1133.2230139180583
8280001	71195.00685181897
8280002	71195.00685181897
8280003	71195.00685181897
8260030	2322.435619279973
8260042	2293.612221564809
8260011	4480.197621079379
8260023	2449.018294628384
8260084	3419.0046079572967
8260097	1637.7482784595625
8260055	2372.3533217569293
8260070	3855.2424901072627
8260133	2154.1787206377107
8260147	3247.2642284730578
8260106	2340.2507665315297
8260119	3741.041053042605
8260183	2359.044754387755
8260197	3897.2371684601508
8260172	2154.1787206377107
8260162	4255.959156024698
8260210	4329.275802648699
8260220	2303.9801408292233
8230001	5714.789223037963
8220006	3195.779503604087
8220005	3195.779503604087
8220004	3193.454440888213
8220003	3195.779503604087
8220002	3195.779503604087
8220001	3195.779503604087
8210002	268.8120636725809
8210001	4010.984075550799
8190008	322.0495733156147
8190007	322.0495733156147
8190006	322.0495733156147
8190005	338.758235921047
8190004	338.758235921047
8190003	338.758235921047
8190002	338.758235921047
8190001	338.758235921047
8190009	322.0495733156147
8190010	322.0495733156147
8150001	3612.799177924071
8150002	3612.799177924071
8150003	3721.1854794100345
8090013	1923.839438743564
8090014	1923.839438743564
8090015	2207.4539779450897
8090016	69804.9538226365
8090018	63823.77731122415
8090012	1923.839438743564
8090011	1923.839438743564
8090010	1923.839438743564
8090009	651.0304470818922
8090001	651.0304470818922
8090002	1923.839438743564
8090003	651.0304470818922
8090004	651.0304470818922
8090007	1923.839438743564
8090008	1923.839438743564
8080001	56722.12489197261
8080003	56722.12489197261
8080004	56722.12489197261
8080002	56722.12489197261
8070001	1236.9778050710272
7990004	2806.008938937831
7990005	2806.008938937831
7980001	291.00575993811236
7910002	5481.401841275127
7910001	5481.401841275127
7910004	5481.401841275127
7910003	5481.401841275127
7840001	31460.67738831471
7840002	23875.954833516185
7840003	76893.78349300318
7810023	137.5859139893437
7810022	137.5859139893437
7810026	137.5859139893437
7810027	137.5859139893437
7810028	137.5859139893437
7810029	137.5859139893437
7810030	137.5859139893437
7810031	137.5859139893437
7810032	137.5859139893437
7810033	137.5859139893437
7810034	137.5859139893437
7810035	137.5859139893437
7810036	137.5859139893437
7810037	137.5859139893437
7810038	137.5859139893437
7810039	137.5859139893437
7810025	137.5859139893437
7810024	137.5859139893437
7790006	29474.97486932745
7790007	29474.97486932745
7790008	29474.97486932745
7780001	263.72860747167175
7780002	263.72860747167175
7780003	263.72860747167175
7780004	263.72860747167175
7780005	263.72860747167175
7780006	263.72860747167175
7780007	263.72860747167175
7780008	263.72860747167175
7780009	263.72860747167175
7780010	263.72860747167175
7780011	263.72860747167175
7780012	263.72860747167175
7780013	263.72860747167175
7780014	50725.25532803873
7780015	50725.25532803873
7780016	50725.25532803873
7780017	50725.25532803873
7780018	50725.25532803873
7780019	50725.25532803873
7780020	50725.25532803873
7780021	50725.25532803873
7780022	50725.25532803873
7780023	50725.25532803873
7770004	2638.7962968810752
7770005	2638.7962968810752
7770006	2638.7962968810752
7770007	2638.7962968810752
7770012	4037.009526513589
7770013	4037.009526513589
7770014	4037.009526513589
7770015	4037.009526513589
7760017	50725.25532803873
7760001	50725.25532803873
7760002	50725.25532803873
7760003	50725.25532803873
7760004	50725.25532803873
7760005	50725.25532803873
7760006	50725.25532803873
7760007	50725.25532803873
7760008	50725.25532803873
7760009	50725.25532803873
7760010	50725.25532803873
7760011	50725.25532803873
7760012	50725.25532803873
7760013	50725.25532803873
7760014	50725.25532803873
7760015	50725.25532803873
7760016	50725.25532803873
7760043	50725.25532803873
7760041	50725.25532803873
7760020	50725.25532803873
7760021	50725.25532803873
7760022	50725.25532803873
7760023	50725.25532803873
7760024	50725.25532803873
7760025	50725.25532803873
7760026	50725.25532803873
7760027	50725.25532803873
7760028	50725.25532803873
7760029	50725.25532803873
7760030	50725.25532803873
7760031	50725.25532803873
7760032	50725.25532803873
7760033	50725.25532803873
7760034	50725.25532803873
7760035	50725.25532803873
7760036	50725.25532803873
7760037	50725.25532803873
7760038	50725.25532803873
7760039	50725.25532803873
7760040	50725.25532803873
7760042	50725.25532803873
7760019	50725.25532803873
7760018	50725.25532803873
7750012	2543.25898609573
7740001	263.72860747167175
7740002	1159.4355070240738
7730002	1236.9778050710272
7730003	4943.911259663685
7720001	493.83331680835187
7720002	493.83331680835187
7720003	493.83331680835187
7720004	493.83331680835187
7720005	493.83331680835187
7720006	493.83331680835187
7720007	493.83331680835187
7720008	493.83331680835187
7720009	493.83331680835187
7720010	493.83331680835187
7720011	493.83331680835187
7720012	493.83331680835187
7720013	493.83331680835187
7720014	493.83331680835187
7720015	493.83331680835187
7720016	493.83331680835187
7720017	493.83331680835187
7720018	493.83331680835187
7720019	493.83331680835187
7720020	493.83331680835187
7720021	493.83331680835187
7720022	493.83331680835187
7720023	493.83331680835187
7720024	493.83331680835187
7720025	493.83331680835187
7720026	493.83331680835187
7720027	493.83331680835187
7720028	493.83331680835187
7720029	493.83331680835187
7720030	493.83331680835187
7720031	493.83331680835187
7720032	493.83331680835187
7720033	493.83331680835187
7720035	493.83331680835187
7720036	493.83331680835187
7720034	20598.589339254195
7710009	78339.95508061726
7710010	78339.95508061726
7710011	78339.95508061726
7710008	78339.95508061726
7710007	78339.95508061726
7710005	78339.95508061726
7710001	78339.95508061726
7710002	78339.95508061726
7710003	78339.95508061726
7710004	78339.95508061726
7710006	78339.95508061726
7680013	548.8159548778456
7680015	482.34302906177766
7680014	379.3195186138597
7680006	482.44192974061247
7680007	497.3811105747361
7680009	459.0466835192437
7680010	472.65162417181557
7680012	378.7371069328252
7670021	831.591731052176
7660025	239.83440721572217
7640003	1878.301784511049
7640005	1862.9820804372437
7640006	1878.301784511049
7640007	1862.9820804372437
7640013	1611.9541408041541
7620005	60098.1679187881
7620001	60098.1679187881
7620002	60098.1679187881
7620003	60098.1679187881
7620004	60098.1679187881
7620006	60098.1679187881
7560005	2290.4906856698713
7560007	2290.4906856698713
7560009	2290.4906856698713
7560011	2290.4906856698713
7560013	2845.073911987316
7540001	5362.948995352997
7490015	1194.7298539303938
7490007	1194.7298539303938
7460001	2283.12761570981
7450001	40198.442019854134
7440001	311.4077305292787
7440002	311.4077305292787
7420001	4002.8909015111635
7420002	4002.8909015111635
7410001	1412.6113544850946
7400004	1454.5493634152247
7390001	3041.2141752243683
7390002	3161.3185577664426
7390003	3772.185722871067
7390004	3938.459830845444
7380045	1133.2230139180583
7380046	1133.2230139180583
7380047	1133.2230139180583
7380048	1133.2230139180583
7380049	1133.2230139180583
7380050	1133.2230139180583
7380051	1133.2230139180583
7380014	560.7131746159108
7380015	560.7131746159108
7380016	560.7131746159108
7380017	560.7131746159108
7380018	560.7131746159108
7380019	560.7131746159108
7380020	560.7131746159108
7380021	560.7131746159108
7380022	560.7131746159108
7370001	776.3114252747108
7370002	776.3114252747108
7370003	776.3114252747108
7370004	776.3114252747108
7370005	776.3114252747108
7370006	776.3114252747108
7370007	776.3114252747108
7370008	776.3114252747108
7340021	4633.307997494138
7320001	10993.15252626209
7320002	10993.15252626209
7320003	10993.15252626209
7320004	10993.15252626209
7320005	10993.15252626209
7320006	10993.15252626209
7300001	3869.79535041733
7300002	3869.79535041733
7300003	3869.79535041733
7300004	3869.79535041733
7300005	3869.79535041733
7280001	2674.3372678213673
7270005	8713.101646614672
7270006	8713.101646614672
7270007	8713.101646614672
7270008	8713.101646614672
7270009	8713.101646614672
7270004	8713.101646614672
7270003	8713.101646614672
7270001	8713.101646614672
7270002	8713.101646614672
7260002	2501.0432036310876
7260003	2501.0432036310876
7260004	2501.0432036310876
7260005	2501.0432036310876
7250002	663.3343769017202
7250003	612.638109200306
7230001	7913.472407677445
7230002	7913.472407677445
7230003	5188.824379565262
7210001	1234.8758586541524
7200002	2181.8251304429928
7200003	2181.8251304429928
7200004	2181.8251304429928
7200005	7046.307266013436
7200006	7046.307266013436
7200007	7046.307266013436
7200008	7046.307266013436
7200001	2181.8251304429928
7190006	2856.120257973264
7190001	2856.120257973264
7190005	2856.120257973264
7190007	2856.120257973264
7180002	12305.101814351678
7170001	2232.100968705158
7170002	2232.100968705158
7160001	2680.1584519382222
7150021	7104.943643107491
7140004	3383.0440381272697
7140006	3383.0440381272697
7140005	3383.0440381272697
7130001	1302.5677606891827
7130002	4039.9176448144317
7130003	2660.65978404325
7130004	1302.5677606891827
7130005	1302.5677606891827
7130006	4039.9176448144317
7130007	2660.65978404325
7130008	1302.5677606891827
7130009	424.9277013374509
7130010	424.9277013374509
7130011	424.9277013374509
7130012	424.9277013374509
7120001	3682.2467184380266
7120002	3682.2467184380266
7120003	3682.2467184380266
7120004	3682.2467184380266
7120005	3682.2467184380266
7120006	3682.2467184380266
7060002	3323.9858035879925
7050001	3393.229307098379
7050002	3393.229307098379
7050003	3393.229307098379
7050004	3393.229307098379
7050005	2490.488576302822
7050006	2490.488576302822
7050007	2490.488576302822
7050008	2490.488576302822
7040001	2856.120257973264
7010005	2330.2578886651304
7010006	2330.2578886651304
7010007	2330.2578886651304
7010008	2330.2578886651304
7010009	2330.2578886651304
7010010	2330.2578886651304
7010011	2330.2578886651304
7010012	2330.2578886651304
7010013	2330.2578886651304
7010014	2330.2578886651304
7010015	2330.2578886651304
7010016	2330.2578886651304
7010017	2330.2578886651304
7010018	2330.2578886651304
7010019	2330.2578886651304
7010004	2330.2578886651304
7010003	2330.2578886651304
7010002	2330.2578886651304
7010001	2330.2578886651304
7000001	636.9419591504787
7000002	1379.1423392940255
6940006	236.75485335998434
6940007	236.75485335998434
6910001	469053.07486477017
6910002	50438.81802447024
6900001	5930.000438573014
6900002	5930.000438573014
6900003	5930.000438573014
6900004	5930.000438573014
6900005	5930.000438573014
6900006	5930.000438573014
6900008	5930.000438573014
6900009	5930.000438573014
6900010	5930.000438573014
6900011	5930.000438573014
6900013	5075.727438548013
6900014	5075.727438548013
6900015	253.66541563379383
6900016	253.66541563379383
6890012	66678.10892268001
6890011	66678.10892268001
6890009	66678.10892268001
6890001	66678.10892268001
6890002	66678.10892268001
6890003	66678.10892268001
6890004	66678.10892268001
6890005	66678.10892268001
6890006	66678.10892268001
6890007	66678.10892268001
6890008	66678.10892268001
6890010	66678.10892268001
6880001	2509.5487991488
6850005	94167.87554399669
6790001	560.7131746159108
6780001	2965.1320608018364
6780002	667.6302079984935
6780003	2037.1972215719848
6780004	2037.1972215719848
6780005	2037.1972215719848
6760001	1507.5493691649283
6760002	1507.5493691649283
6760003	63764.87758524233
6750004	1455.9437410445348
6740003	680.9171372818762
6740005	4943.911259663685
6740006	4943.911259663685
6730001	3519.9619638333966
6730002	3519.9619638333966
6730003	3519.9619638333966
6720001	3682.2467184380266
6720002	3682.2467184380266
6720003	3682.2467184380266
6720004	3682.2467184380266
6720005	3682.2467184380266
6720006	3682.2467184380266
6700001	628.4887947367243
6700002	379.41135063999604
6700003	379.41135063999604
6700004	379.41135063999604
6700005	6275.684214699362
6700006	6275.684214699362
6700007	237.1756234576933
6690003	1706.4664491775388
6690004	493.83331680835187
6690005	1706.4664491775388
6690006	493.83331680835187
6670001	4428.934721964071
6670002	4428.934721964071
6670003	4428.934721964071
6670004	4428.934721964071
6670005	4428.934721964071
6670006	4428.934721964071
6670007	4428.934721964071
6670008	4428.934721964071
6670009	4428.934721964071
6670010	4428.934721964071
6670011	4428.934721964071
6670012	4428.934721964071
6570002	616.8623292661875
6570003	172274.54006191238
6570001	1025.095871306595
6560001	213.47859418263096
6540002	4943.911259663685
6540001	660.0653392735148
6480001	424.9277013374509
6470001	634.5689357584951
6470002	634.5689357584951
6470003	634.5689357584951
6470004	634.5689357584951
6470005	2330.2578886651304
6430002	651.7816612021247
6420001	297007.94070323533
6420002	297007.94070323533
6420003	297007.94070323533
6420004	297007.94070323533
6420005	297007.94070323533
6420006	297007.94070323533
6420007	119723.46964306323
6420008	119723.46964306323
6420009	119723.46964306323
6400020	427.96030967036603
6400021	427.96030967036603
6400018	427.96030967036603
6400016	427.96030967036603
6400001	427.96030967036603
6400002	427.96030967036603
6400003	427.96030967036603
6400004	427.96030967036603
6400005	427.96030967036603
6400006	427.96030967036603
6400007	427.96030967036603
6400008	427.96030967036603
6400009	427.96030967036603
6400010	427.96030967036603
6400011	427.96030967036603
6400012	427.96030967036603
6400015	427.96030967036603
6400017	427.96030967036603
6390002	1457.0066041692928
6390003	786.7643260436862
6390004	539.1800782844339
6390005	792.8444670654568
6390006	7984.232218668734
6390007	1192.9988559916314
6390001	792.8444670654568
6370002	193.03978814499297
6370005	265.03156898474737
6370006	5086.585806855557
6370007	5086.585806855557
6370008	4434.95404275
6360003	1914.483463269333
6350009	1594.0223790952948
6350010	1427.711524745494
6350001	458.8965955448571
6340001	439.8347723465203
6340002	439.8347723465203
6340003	498.76747161864137
6340006	428.51002611321775
6340007	498.76747161864137
6340008	498.76747161864137
6320001	16547.858883501856
6320002	16547.858883501856
6320003	16547.858883501856
6320004	16547.858883501856
6320006	16547.858883501856
6320005	16547.858883501856
6270001	522.0323598125261
6270004	522.0323598125261
6270005	522.0323598125261
6260001	47286.519921260275
6200002	2101.083598443411
6190001	26273.661057784455
6190002	26273.661057784455
6190003	26273.661057784455
6190004	26273.661057784455
6190005	26273.661057784455
6190006	26273.661057784455
6180001	1302.5677606891827
6130001	69253.58437903249
6130002	69253.58437903249
6090001	3045.1037111911846
6070001	680.9171372818762
6070002	680.9171372818762
6070003	680.9171372818762
6030003	61998.78460639445
6030002	61998.78460639445
6030001	61998.78460639445
5960001	457686.24871325714
5960002	69004.1333189556
5960003	78254.67451784258
5960004	78254.67451784258
5960005	171526.84703191236
5960006	171526.84703191236
5940001	368.0224534458095
5920001	4031.717783886332
5920002	4031.717783886332
5920003	1302.5677606891827
5920004	1302.5677606891827
5900001	253.48684861472506
5870001	4850.3453500426185
5810001	660.0653392735148
5770001	560.7131746159108
5770002	1025.095871306595
5770003	636.9419591504787
5770004	2238.7701769093756
5770005	636.9419591504787
5770006	636.9419591504787
5770007	636.9419591504787
5770008	636.9419591504787
5770009	636.9419591504787
5770010	636.9419591504787
5770011	636.9419591504787
5770012	636.9419591504787
5770013	636.9419591504787
5770014	636.9419591504787
5770015	636.9419591504787
5750005	2117.5962593383656
5750004	983.9998240034287
5740001	2317.4735973949946
5740002	1936.2767585802399
5730001	4936.586594973209
5730002	5608.462767375946
5700001	1450.4271071911808
5680001	10271.934141035566
5680002	10271.934141035566
5680003	10271.934141035566
5680004	10271.934141035566
5670003	849.5047319019072
5650001	8713.101646614672
5650002	8713.101646614672
5650003	2480.9801133647475
5650004	2258.765410170602
5640001	278.87943696463554
5640002	278.87943696463554
5640003	271.822156682741
5620028	251.18986351019078
5620029	251.18986351019078
5620030	251.18986351019078
5620031	251.18986351019078
5620032	251.18986351019078
5620033	251.18986351019078
5620034	251.18986351019078
5620020	216.50143371948977
5610007	1133.2230139180583
5610001	1133.2230139180583
5610002	3054.728097214811
5610003	1133.2230139180583
5610004	1133.2230139180583
5610005	1034.2921770565263
5610006	1133.2230139180583
5610010	1133.2230139180583
5610009	1133.2230139180583
5610008	1133.2230139180583
5530003	209.03348394826003
5530004	209.03348394826003
5530006	1235.1506528007274
5530005	14482.425827842142
5480001	1133.2230139180583
5480002	1959.4544984507593
5480003	1959.4544984507593
5480004	1959.4544984507593
5480005	1959.4544984507593
5470002	231.1393541233961
5470003	231.1393541233961
5470004	239.83440721572217
5470001	424.9277013374509
5440001	2554.353482827712
5440003	2554.353482827712
5440004	2567.595274415404
5430001	1607.1137322277593
5420013	680.9171372818762
5420001	680.9171372818762
5420002	680.9171372818762
5420003	680.9171372818762
5420004	680.9171372818762
5420005	680.9171372818762
5420006	680.9171372818762
5420007	31664.966846793024
5420008	31664.966846793024
5420009	31664.966846793024
5420010	31664.966846793024
5420011	31664.966846793024
5420012	31664.966846793024
5420016	31664.966846793024
5420017	31664.966846793024
5420018	31664.966846793024
5420019	31664.966846793024
5420020	31664.966846793024
5420021	31664.966846793024
5420022	31664.966846793024
5420023	31664.966846793024
5420024	680.9171372818762
5420025	4943.911259663685
5420015	680.9171372818762
5420014	680.9171372818762
5410026	706.1247940800256
5410028	736.8999921636912
5410030	2214.7731362220843
5410031	9343.199555635034
5410022	2262.169851420194
5410020	2262.169851420194
5410019	2262.169851420194
5410002	2262.169851420194
5410003	2262.169851420194
5410005	2262.169851420194
5410007	2262.169851420194
5410011	2262.169851420194
5410012	2262.169851420194
5410014	2262.169851420194
5410015	2262.169851420194
5410017	2262.169851420194
5410018	2262.169851420194
5400005	2097.4609112272938
5390001	2509.5487991488
5390002	2509.5487991488
5390003	4943.911259663685
5390004	4943.911259663685
5380001	9090.739646833497
5380002	9090.739646833497
5340002	3326.331218067231
5340003	29180.45504800763
5340004	3326.331218067231
5340005	3326.331218067231
5340006	29180.45504800763
5340007	33357.09826155758
5340001	3326.331218067231
5330006	424.9277013374509
5330004	9212.727107715116
5330001	9212.727107715116
5330002	22020.94153769713
5330003	424.9277013374509
5330005	22020.94153769713
5320001	6441.837463261902
5280001	8952.091841709385
5280002	8952.091841709385
5280003	8952.091841709385
5280004	8952.091841709385
5280005	8952.091841709385
5280006	8952.091841709385
5280007	8952.091841709385
5280008	8952.091841709385
5280009	8952.091841709385
5280010	8952.091841709385
5210001	8340.948004987065
5210002	8340.948004987065
5210003	8340.948004987065
5210004	8340.948004987065
5210005	8340.948004987065
5210006	8340.948004987065
5210007	8340.948004987065
5210008	8340.948004987065
5130001	9514.198582842117
5130002	9514.198582842117
5130003	9514.198582842117
5120020	62323.08621766499
5110001	4843.743101134806
5110002	4843.743101134806
5110003	4843.743101134806
5110004	4843.743101134806
5110005	4843.743101134806
5080001	77567.48753348736
5050001	213.47859418263096
5050002	213.47859418263096
5050003	213.47859418263096
5050004	92158.58205679418
5040001	1670.0916348932615
5040002	1670.0916348932615
5030001	9090.739646833497
5030002	9090.739646833497
5030003	9090.739646833497
5030004	9090.739646833497
5030005	9090.739646833497
5030006	9090.739646833497
5030007	9090.739646833497
5020002	61998.78460639445
5020001	61998.78460639445
5000005	3682.2467184380266
5000004	3682.2467184380266
5000001	3573.2349156094556
5000002	3573.2349156094556
5000003	3573.2349156094556
4960001	632.7132154283256
4950001	4648.994350959558
4950002	4648.994350959558
4950003	707.5150721693485
4950005	660.0653392735148
4950006	4943.911259663685
4950007	4943.911259663685
4950004	707.5150721693485
4930001	1027.825316546733
4930002	1027.825316546733
4930003	1027.825316546733
4900001	2238.7701769093756
4900002	560.7131746159108
4900003	3682.2467184380266
4900004	3682.2467184380266
4900005	1133.2230139180583
4850007	242.62769945402712
4850001	242.62769945402712
4850002	242.62769945402712
4850003	242.62769945402712
4850004	239.83440721572217
4850005	278.87943696463554
4850006	14361.308661052984
4850010	239.83440721572217
4850011	278.87943696463554
4850012	14361.308661052984
4850013	242.62769945402712
4850014	242.62769945402712
4850015	242.62769945402712
4850016	239.83440721572217
4850017	278.87943696463554
4850018	14361.308661052984
4850019	242.62769945402712
4850020	242.62769945402712
4850021	242.62769945402712
4850022	239.83440721572217
4850023	278.87943696463554
4850024	14361.308661052984
4850025	242.62769945402712
4850026	242.62769945402712
4850027	242.62769945402712
4850028	239.83440721572217
4850029	278.87943696463554
4850030	14361.308661052984
4850009	242.62769945402712
4850008	242.62769945402712
4840001	5693.309028251256
4840002	4410.19159367604
4840003	4410.19159367604
4840004	4410.19159367604
4830001	8690.955664031302
4830002	6015.800255775011
4800001	205067.63507553563
4800002	82507.22373826461
4800003	105117.20013080243
4800004	82507.22373826461
4800005	82507.22373826461
4800006	130431.70435350394
4800007	105117.20013080243
4800008	105117.20013080243
4780001	6208.177921831654
4770005	5981.05627100293
4770001	5981.05627100293
4770002	5981.05627100293
4770003	5981.05627100293
4770004	5981.05627100293
4770006	5981.05627100293
4760001	651.0459637903609
4760002	651.0459637903609
4720002	560.7131746159108
4720004	637.3014700874905
4720006	651.0304470818922
4720007	1370.4406242117732
4660005	5075.727438548013
4660001	5930.000438573014
4660002	5930.000438573014
4660003	5075.727438548013
4660004	5075.727438548013
4660006	5075.727438548013
4650028	2647.4792158324517
4650030	2647.4792158324517
4650024	2647.4792158324517
4650023	2647.4792158324517
4650022	2647.4792158324517
4650001	2647.4792158324517
4650002	2647.4792158324517
4650003	2647.4792158324517
4650004	2647.4792158324517
4650005	2647.4792158324517
4650006	2647.4792158324517
4650009	2647.4792158324517
4650010	2647.4792158324517
4650012	2647.4792158324517
4650015	2647.4792158324517
4650016	2647.4792158324517
4650019	2647.4792158324517
4650020	2647.4792158324517
4650021	2647.4792158324517
4650011	2647.4792158324517
4540001	2269.1008650500125
4520001	1222.5380208430013
4510019	822.7525937297592
4510016	815.9507217216762
4510005	825.3862246765497
4510006	825.3862246765497
4510007	825.3862246765497
4510008	825.3862246765497
4510009	825.3862246765497
4510010	825.3862246765497
4510011	825.3862246765497
4510012	822.7525937297592
4510013	822.7525937297592
4510014	815.9507217216762
4510015	815.9507217216762
4510017	822.7525937297592
4500002	2594.855237954857
4470005	2535.348025721562
4460002	1163.1151443628323
4460003	30342.074376922214
4460004	30342.074376922214
4460005	30342.074376922214
4460006	30342.074376922214
4440007	4854.34312294996
4440008	4854.34312294996
4440009	5481.401841275127
4440010	5481.401841275127
4440011	4297.753312919219
4440012	5369.533959000862
4440013	4564.125932765938
4440006	4854.34312294996
4440005	4854.34312294996
4440004	4854.34312294996
4440003	4854.34312294996
4440001	4892.550499623251
4440002	4854.34312294996
4420003	1025.095871306595
4420004	993.7796723423094
4400002	753.3662840237985
4400003	753.3662840237985
4400001	753.3662840237985
4390001	1242.5867928706061
4390003	1242.5867928706061
4390004	1242.5867928706061
4390005	1242.5867928706061
4390006	1242.5867928706061
4390007	1242.5867928706061
4390008	1242.5867928706061
4390009	1242.5867928706061
4350001	3202.8333686581313
4320001	56722.12489197261
4320002	56722.12489197261
4320003	56722.12489197261
4300002	1837.566324139184
4250001	40350.04628814963
4250002	40350.04628814963
4250003	40350.04628814963
4250004	40350.04628814963
4250005	4246.086275339037
4250006	4246.086275339037
4250007	4246.086275339037
4250008	4246.086275339037
4240001	3724.5362642807986
4220001	3199.5316929670166
4220002	2455.2224013612617
4210004	20685.211604342
4210003	14837.02518232486
4210006	3573.2349156094556
4210005	3649.89310642322
4190001	2509.5487991488
4160002	1479.1132690420925
4160003	184229.9254061057
4160001	1479.1132690420925
4140008	627.272675284426
4140001	587.8861119260648
4140002	627.272675284426
4140003	627.272675284426
4140004	679.2808084518847
4140005	621.1925342626553
4140006	1769.500963575712
4140007	679.2808084518847
4130001	1133.2230139180583
4100001	1338.529589478459
4080002	2279.5551001978765
4080003	2279.5551001978765
4080004	2279.5551001978765
4070006	125.91779688763694
4070007	317.7376359028698
4070010	317.7376359028698
4060003	2670.466408030514
4050002	2265.3585845917937
4010001	3070.2644630051673
4010002	3070.2644630051673
4010003	1786.8205982591942
4010004	1786.8205982591942
4000003	2656.5126507478017
4000008	4558.750101648039
3990001	231.1393541233961
3990002	231.1393541233961
3870001	5853.763459027911
3870002	16814.551919517595
3850001	4650.1437932887175
3810001	63816.624801720565
3790001	16547.858883501856
3780003	1710.5159400486093
3760003	471.13904832606
3710002	640.5862715811354
3700001	87267.57957421485
3700002	100211.79483149637
3610021	1723.217519261146
3610019	1882.4249250053244
3610018	1882.4249250053244
3590008	1959.4544984507593
3590001	1504.5183656734587
3590002	1838.9999413159019
3590049	1504.5183656734587
3590122	1959.4544984507593
3590125	1959.4544984507593
3590126	1959.4544984507593
3590090	1959.4544984507593
3590096	1959.4544984507593
3590099	1959.4544984507593
3590129	1959.4544984507593
3590133	1959.4544984507593
3580001	10577.234083725572
3580002	10577.234083725572
3580003	10577.234083725572
3580004	10577.234083725572
3580005	10577.234083725572
3580006	10577.234083725572
3580007	50438.81802447024
3570001	240.280867244107
3570002	379.41135063999604
3560004	3145.6548868450545
3560005	3145.6548868450545
3490001	413.59234290123686
3450001	3805.7902388348884
3450002	3805.7902388348884
3430002	1818.359062359549
3430007	408.75493923701424
3430012	412.69797042718767
3430017	567.411180681703
3430022	439.91650026068424
3430023	439.91650026068424
3430027	412.69797042718767
3420001	5580.623532863584
3420002	5580.623532863584
3420003	5580.623532863584
3410001	118424.65467036607
3370001	901.1587144988048
3370002	901.1587144988048
3370003	901.1587144988048
3370004	901.1587144988048
3370005	901.1587144988048
3370006	901.1587144988048
3370007	901.1587144988048
3370008	901.1587144988048
3370009	2965.1320608018364
3370010	2965.1320608018364
3370011	2965.1320608018364
3370012	2965.1320608018364
3360006	6015.800255775011
3360001	6015.800255775011
3360002	6015.800255775011
3360003	6015.800255775011
3360004	6015.800255775011
3360005	6015.800255775011
3360009	6015.800255775011
3360010	6015.800255775011
3360011	6015.800255775011
3360012	6015.800255775011
3360013	6015.800255775011
3360014	6015.800255775011
3360015	6015.800255775011
3360008	6015.800255775011
3360007	6015.800255775011
3290003	1754.6334912024636
3200001	1783.4434242864525
3180001	2726.8233461100353
3180002	2726.8233461100353
3180003	2726.8233461100353
3180004	2726.8233461100353
3180005	2726.8233461100353
3160001	14377.08443354699
3160002	14377.08443354699
3150001	87267.57957421485
3150002	205067.63507553563
3150003	205067.63507553563
3100001	1891.888632396246
3100002	1891.888632396246
3100003	2075.204352129898
3080005	76476.43792238424
3080006	76476.43792238424
3080007	76476.43792238424
3080008	76476.43792238424
3080009	76476.43792238424
3080010	76476.43792238424
3080011	76476.43792238424
3080012	76476.43792238424
3080004	76476.43792238424
3080003	76476.43792238424
3080002	76476.43792238424
3080001	76476.43792238424
3020001	2328.5284935760155
3020002	2336.163368525194
3020003	2336.163368525194
3020004	7101.27550779908
3020005	7101.27550779908
3000001	63816.624801720565
3000002	63816.624801720565
3000003	63816.624801720565
3000004	63816.624801720565
3000005	63816.624801720565
3000006	63816.624801720565
3000007	63816.624801720565
3000008	63816.624801720565
2990012	63816.624801720565
2990013	63816.624801720565
2990014	63816.624801720565
2990015	63816.624801720565
2990016	63816.624801720565
2990017	63816.624801720565
2990018	63816.624801720565
2990019	63816.624801720565
2990020	63816.624801720565
2990021	63816.624801720565
2990022	63816.624801720565
2990023	63816.624801720565
2990024	63816.624801720565
2990025	63816.624801720565
2990011	63816.624801720565
2990010	63816.624801720565
2990008	63816.624801720565
2990001	63816.624801720565
2990002	63816.624801720565
2990003	63816.624801720565
2990004	63816.624801720565
2990005	63816.624801720565
2990006	63816.624801720565
2990007	63816.624801720565
2990009	63816.624801720565
2980001	3682.2467184380266
2970001	276.4836417512932
2970002	276.4836417512932
2970003	276.4836417512932
2970004	605.4791854176663
2970005	605.4791854176663
2970006	605.4791854176663
2970007	844.3532785550608
2970008	844.3532785550608
2970009	844.3532785550608
2970010	1106.5042960436551
2970011	1106.5042960436551
2970012	1106.5042960436551
2960003	7785.850904196652
2960002	7785.850904196652
2960001	7785.850904196652
2940001	21885.935332397883
2920010	351248.7434232541
2870001	231.1393541233961
2870002	231.1393541233961
2870003	14434.807202532282
2860001	4995.281094530461
2760001	560.7131746159108
2750004	56722.12489197261
2750005	56722.12489197261
2750006	56722.12489197261
2750007	56722.12489197261
2750008	56722.12489197261
2750009	56722.12489197261
2750010	56722.12489197261
2750011	56722.12489197261
2750012	56722.12489197261
2750003	56722.12489197261
2750002	56722.12489197261
2750001	56722.12489197261
2740028	155.36045302298274
2740008	192.18525896352352
2740015	155.36045302298274
2740017	155.36045302298274
2740018	155.36045302298274
2740022	155.36045302298274
2740023	155.36045302298274
2740025	155.36045302298274
2740026	155.36045302298274
2740027	155.36045302298274
2740006	192.18525896352352
2730001	3148.529207701032
2700003	483.50827175793694
2700004	483.50827175793694
2700005	483.50827175793694
2700006	483.50827175793694
2700007	483.50827175793694
2700008	483.50827175793694
2700001	483.50827175793694
2670001	758.1593981346896
2650001	30342.074376922214
2650002	30342.074376922214
2650003	30342.074376922214
2650004	30342.074376922214
2650005	30342.074376922214
2650006	30342.074376922214
2650007	30342.074376922214
2650008	30342.074376922214
2650009	30342.074376922214
2650010	30342.074376922214
2650011	30342.074376922214
2650012	30342.074376922214
2650013	30342.074376922214
2650015	30342.074376922214
2650016	30342.074376922214
2650017	30342.074376922214
2650018	30342.074376922214
2650014	30342.074376922214
2640022	1594.922369775348
2640023	1594.922369775348
2640024	1594.922369775348
2640025	1594.922369775348
2640026	1594.922369775348
2640027	1594.922369775348
2640028	1594.922369775348
2640029	1594.922369775348
2640030	1594.922369775348
2640031	1594.922369775348
2640032	1594.922369775348
2640033	1594.922369775348
2640034	1594.922369775348
2640035	1594.922369775348
2640036	1594.922369775348
2640037	1594.922369775348
2640038	1594.922369775348
2640039	1594.922369775348
2640040	1594.922369775348
2640041	1594.922369775348
2640042	1594.922369775348
2640021	1594.922369775348
2640043	1594.922369775348
2640020	1594.922369775348
2640018	1594.922369775348
2640001	1594.922369775348
2640002	1594.922369775348
2640003	1594.922369775348
2640004	1594.922369775348
2640005	1594.922369775348
2640006	1594.922369775348
2640007	1594.922369775348
2640008	1594.922369775348
2640009	1594.922369775348
2640010	1594.922369775348
2640011	1594.922369775348
2640012	1594.922369775348
2640013	1594.922369775348
2640014	1594.922369775348
2640015	1594.922369775348
2640016	1594.922369775348
2640017	1594.922369775348
2640019	1594.922369775348
2640044	1594.922369775348
2630001	4060.3954979309947
2570002	452.39540494234456
2560007	3682.2467184380266
2560008	3682.2467184380266
2560009	3682.2467184380266
2560010	3682.2467184380266
2560011	3682.2467184380266
2560012	3682.2467184380266
2560013	3682.2467184380266
2560014	3682.2467184380266
2560006	3682.2467184380266
2560005	3682.2467184380266
2560004	3682.2467184380266
2560003	3682.2467184380266
2560001	3682.2467184380266
2560002	3682.2467184380266
2550001	2877.0576405817555
2550003	2877.0576405817555
2540002	56722.12489197261
2540003	56722.12489197261
2540004	56722.12489197261
2540005	56722.12489197261
2540006	56722.12489197261
2540001	56722.12489197261
2530005	3772.8864149724022
2440001	1133.2230139180583
2440002	1133.2230139180583
2430001	666.2494798280554
2380004	636.7020622497541
2380002	241.1644702791219
2380001	241.1644702791219
2380003	636.7020622497541
2360001	1851.3886641391007
2360003	1851.3886641391007
2300002	1034.2921770565263
2200001	61998.78460639445
2190003	57481.45737404038
2170001	13085.482871312155
2170002	13085.482871312155
2170003	13085.482871312155
2170004	13085.482871312155
2170005	13085.482871312155
2170006	13085.482871312155
2160013	2207.4539779450897
2160014	1853.1631765583265
2160015	1853.1631765583265
2160012	2207.4539779450897
2160011	2207.4539779450897
2160009	1853.1631765583265
2160001	2207.4539779450897
2160002	2207.4539779450897
2160003	2207.4539779450897
2160004	1853.1631765583265
2160005	1853.1631765583265
2160006	2207.4539779450897
2160007	2207.4539779450897
2160008	2207.4539779450897
2160010	1853.1631765583265
2140001	3265.758204427346
2140002	3477.462148893936
2130001	1315.5876084343317
2080016	2238.7701769093756
2080001	1133.2230139180583
2080002	1133.2230139180583
2080003	1133.2230139180583
2080004	1133.2230139180583
2080005	5238.917349796714
2080006	5238.917349796714
2080007	5238.917349796714
2080008	5238.917349796714
2080009	5238.917349796714
2080010	5238.917349796714
2080011	3043.977622198986
2080012	3043.977622198986
2080013	3043.977622198986
2080014	647.0416002604636
2080015	69804.9538226365
2070001	252.70552947400313
2050003	6736.693862690374
2050004	6736.693862690374
2050005	6736.693862690374
2050006	6736.693862690374
2050002	6736.693862690374
2050001	6736.693862690374
1990001	680.9171372818762
1990002	680.9171372818762
1990003	680.9171372818762
1990004	680.9171372818762
1990005	1236.9778050710272
1970001	8067.501991216311
1970002	8067.501991216311
1970003	8067.501991216311
1960001	1406.7815400831241
1880001	1793.6762510442525
1880002	1793.6762510442525
1880003	1793.6762510442525
1880004	1793.6762510442525
1850001	205067.63507553563
1840001	3573.2349156094556
1840002	3573.2349156094556
1840003	3573.2349156094556
1800001	31664.966846793024
1800002	31664.966846793024
1800003	31664.966846793024
1800004	31664.966846793024
1790002	63816.624801720565
1790003	63816.624801720565
1790004	63816.624801720565
1790005	63816.624801720565
1790006	63816.624801720565
1790001	63816.624801720565
1760004	63816.624801720565
1760001	63816.624801720565
1760002	63816.624801720565
1760003	63816.624801720565
1740001	3388.310255749016
1640001	1302.5677606891827
1640002	3041.2141752243683
1640003	1302.5677606891827
1640004	3041.2141752243683
1640005	1302.5677606891827
1640006	1853.1631765583265
1630003	666.2494798280554
1630004	976.9905727251075
1610015	169.10798073489642
1610017	130.22676378166204
1610019	131.472739101632
1610020	3103.2910841417465
1610025	2391.8577000534738
1610026	2391.8577000534738
1610029	1263.7769131818413
1610032	501.25414054241395
1610013	501.25414054241395
1610009	1264.8580980973002
1610001	3103.2910841417465
1610006	2391.8577000534738
1610007	2391.8577000534738
1610008	1578.1170402915418
1610084	1578.1170402915418
1610038	131.472739101632
1610039	3103.2910841417465
1610044	2391.8577000534738
1610046	1578.1170402915418
1610047	1264.8580980973002
1610056	127.84239407916843
1610085	1264.8580980973002
1610119	2426.922944967431
1610123	1264.8580980973002
1610124	1263.7769131818413
1610125	1263.9964837449725
1610132	127.84239407916843
1610113	127.84239407916843
1610096	3103.2910841417465
1610037	127.84239407916843
1610103	1578.1170402915418
1610104	1264.8580980973002
1610105	1263.7769131818413
1610036	130.22676378166204
1600006	731.653757967898
1600004	731.653757967898
1590027	4839.617323393021
1590041	4839.617323393021
1590042	4839.940745254068
1590001	4839.617323393021
1590010	425.21277899547516
1590013	4839.617323393021
1590076	4839.617323393021
1590077	4839.940745254068
1590078	4839.940745254068
1590075	4839.617323393021
1590058	4839.617323393021
1590059	4839.940745254068
1530001	1607.1137322277593
1520001	10577.234083725572
1520002	10577.234083725572
1520003	50438.81802447024
1520004	50438.81802447024
1500001	3041.2141752243683
1480001	41370.321723646586
1480002	41370.321723646586
1480003	41370.321723646586
1480004	41370.321723646586
1480005	41370.321723646586
1480006	41370.321723646586
1480007	41370.321723646586
1480008	41370.321723646586
1480009	41370.321723646586
1450003	133.2268314324763
1450004	133.2268314324763
1450002	133.2268314324763
1450001	133.2268314324763
1440012	3102.5393882236576
1440011	3102.5393882236576
1440001	1302.5677606891827
1440002	1302.5677606891827
1440003	3000.531372665024
1440004	3000.531372665024
1440005	2153.016533661517
1440006	2153.016533661517
1440007	2258.765410170602
1440008	2258.765410170602
1440009	4247.066579753759
1440010	4247.066579753759
1430001	1603.1775940467767
1430002	901.1587144988048
1430003	2736.5165378710135
1430004	901.1587144988048
1430005	2736.5165378710135
1430006	2736.5165378710135
1430007	895.0785734770341
1430011	483.50827175793694
1430012	495.8829705856219
1430013	683.521295378231
1430014	459.2805342500245
1430015	756.6840942393079
1430016	756.6840942393079
1430017	756.6840942393079
1430018	756.6840942393079
1410001	667.6302079984935
1410002	895.0785734770341
1410003	1603.1775940467767
1410004	2965.1320608018364
1410005	2965.1320608018364
1410006	2965.1320608018364
1410007	2965.1320608018364
1410008	901.1587144988048
1410009	901.1587144988048
1380005	278.87943696463554
1360001	5693.309028251256
1360002	5693.309028251256
1360003	5693.309028251256
1360004	5693.309028251256
1360005	5693.309028251256
1360006	5693.309028251256
1360007	5693.309028251256
1360008	5693.309028251256
1360009	5693.309028251256
1360010	5693.309028251256
1360011	5693.309028251256
1360012	5693.309028251256
1360013	5693.309028251256
1360014	5693.309028251256
1360015	5693.309028251256
1290017	2809.2624344824876
1280001	1133.2230139180583
1280002	9090.739646833497
1260006	3566.241350788028
1250004	121579.53685890991
1230001	4721.4215203114345
1220001	87267.57957421485
1220002	82507.22373826461
1190002	4306.203376557376
1190003	4306.203376557376
1190004	4306.203376557376
1180001	424.9277013374509
1180002	231.1393541233961
1170001	38188.46779072141
1170002	38188.46779072141
1150001	29374.451594253584
1140001	30030.44815886847
1140002	30030.44815886847
1140003	30030.44815886847
1140004	30030.44815886847
1140005	30030.44815886847
1140006	30030.44815886847
1120001	1116.4689774499222
1120002	1116.4689774499222
1120003	1116.4689774499222
1090009	194.8957618630898
1090010	194.8957618630898
1090011	194.8957618630898
1090002	393.60305248319935
1090001	393.60305248319935
1090003	192.0916954248133
1070004	473.71792655963844
1070005	473.71792655963844
1060001	1953.6700868228356
1060002	1953.6700868228356
1040002	2941.5993808722437
1030044	901.1587144988048
1030023	901.1587144988048
1030024	901.1587144988048
1030025	2965.1320608018364
1030026	2965.1320608018364
1030027	1865.2152663593
1030028	1865.2152663593
1030029	901.1587144988048
1030030	901.1587144988048
1030031	901.1587144988048
1030032	2965.1320608018364
1030033	901.1587144988048
1030034	901.1587144988048
1030035	901.1587144988048
1030036	2965.1320608018364
1030037	1865.2152663593
1030038	1865.2152663593
1030039	901.1587144988048
1030040	901.1587144988048
1030041	901.1587144988048
1030042	2965.1320608018364
1030043	901.1587144988048
1030022	901.1587144988048
1030021	2965.1320608018364
1030020	901.1587144988048
1030019	901.1587144988048
1030001	901.1587144988048
1030002	901.1587144988048
1030003	901.1587144988048
1030004	2965.1320608018364
1030005	2965.1320608018364
1030006	1865.2152663593
1030007	1865.2152663593
1030009	901.1587144988048
1030010	901.1587144988048
1030011	2965.1320608018364
1030012	901.1587144988048
1030013	901.1587144988048
1030014	901.1587144988048
1030015	2965.1320608018364
1030016	1865.2152663593
1030017	1865.2152663593
1030018	901.1587144988048
1030008	901.1587144988048
1030047	2965.1320608018364
1030048	1865.2152663593
1030049	1865.2152663593
1030050	901.1587144988048
1030051	901.1587144988048
1030052	2965.1320608018364
1030046	2965.1320608018364
1030045	901.1587144988048
990001	249.7088678651141
990002	360.0265204658636
990003	360.0265204658636
990004	249.7088678651141
970002	4832.211804455958
970003	4832.211804455958
920001	4832.211804455958
790001	8713.101646614672
790002	8713.101646614672
780004	1923.839438743564
720001	66449.37787783793
720002	66449.37787783793
720003	66449.37787783793
720004	66449.37787783793
710001	56722.12489197261
700001	18627.19232243223
700002	18627.19232243223
670001	5580.623532863584
650001	16547.858883501856
650002	16547.858883501856
650003	16547.858883501856
650004	16547.858883501856
570005	4892.482279835632
560007	56333.348033221
560001	56333.348033221
560002	56333.348033221
560003	56333.348033221
560004	56333.348033221
560005	56333.348033221
560006	56333.348033221
560008	56333.348033221
500002	4336.511494645727
500003	4336.511494645727
500004	4336.511494645727
490003	2476.798178806363
470006	2114.638389495287
470010	2114.638389495287
460004	50778.62184432181
460005	50778.62184432181
450003	2810.2234420297295
450004	2810.2234420297295
450005	2810.2234420297295
450006	4258.4636835327965
440001	5481.401841275127
420001	3388.310255749016
420002	3388.310255749016
360001	56722.12489197261
360002	56722.12489197261
360003	56722.12489197261
360004	56722.12489197261
360005	56722.12489197261
360006	56722.12489197261
350011	2639.811033826835
350012	2639.811033826835
350006	2172.586501820965
350005	2172.586501820965
280001	1278.532447315997
280002	1748.762662471698
260001	3636.9598394259847
240002	7784.3420111887335
210001	61998.78460639445
210002	61998.78460639445
200005	239.83440721572217
170007	3187.174716417254
130001	66026.1606761431
130003	4822.432402910872
130004	4822.432402910872
130005	4822.432402910872
130006	4822.432402910872
110001	1646.5616490228977
110002	1646.5616490228977
110003	1646.5616490228977
110004	1646.5616490228977
80004	14474.611029745869
60005	3996.52508707147
40002	2216.6530788941295
