nodeId	predictedValue	name
23	129734.28848999999	12270007
31	26955.16982	12250001
35	28565.123939999998	12240002
41	129734.28848999999	12230006
46	25697.00822	12210004
58	81097.13301	12180004
59	128642.14636999997	12180003
68	201323.2008	12140001
69	74570.11856	12140002
70	74570.11856	12140003
71	153809.62404	12140004
72	44245.80814	12140006
73	44245.80814	12140007
74	1838.16055	12140008
75	63943.95859000001	12140005
76	102603.57479000001	12130001
77	162726.78858	12130002
78	2929.60594	12120003
79	136562.25699	12120004
80	1890.4219200000002	12120005
81	27963.37481	12120006
82	44570.802359999994	12120007
83	28823.58298	12120008
84	23586.76852	12120009
85	25360.65569	12120010
86	23586.76852	12120011
87	3752.05079	12120012
88	24663.235549999998	12120013
89	7602.1311399999995	12120014
90	23586.76852	12120015
91	29594.11275	12120016
92	3223.35436	12120017
93	1548.82376	12120018
94	1548.82376	12120019
95	1548.82376	12120020
96	1548.82376	12120021
97	1548.82376	12120022
98	1548.82376	12120023
99	87319.82096000001	12120002
100	3905.03956	12120024
101	27963.37481	12120001
102	3905.03956	12120025
103	3905.03956	12120026
104	3905.03956	12120027
105	187030.96105999997	12120028
106	134733.48003000004	12120029
107	48677.12730000001	12120030
108	22095.267570000004	12120031
109	86210.13279999999	12120032
110	4534.11401	12110005
111	4507.164720000001	12110001
112	28412.140049999998	12110002
113	1597.55706	12110003
114	1521.39554	12110004
115	108621.01464999998	12110006
118	3013.249500000001	12090001
121	39097.11418	12060001
122	39097.11418	12060002
123	69160.58782	12060003
124	69160.58782	12060004
125	4034.76695	12060005
126	4034.76695	12060006
127	4034.76695	12060007
128	4034.76695	12060008
134	100765.45599	12050005
159	44768.05027000001	12030002
160	462.65611999999993	12020002
161	462.65611999999993	12020001
162	57063.31505	12010001
163	28128.064250000003	12010002
170	70425.13515	11980001
171	70425.13515	11980002
172	70425.13515	11980003
173	70425.13515	11980004
174	70425.13515	11980005
175	70425.13515	11980006
176	70425.13515	11980007
177	70425.13515	11980008
178	70425.13515	11980009
179	70425.13515	11980010
180	70425.13515	11980011
181	70425.13515	11980012
182	70425.13515	11980013
183	70425.13515	11980014
184	70425.13515	11980015
185	70425.13515	11980016
186	70425.13515	11980017
187	70425.13515	11980018
188	70425.13515	11980019
189	70425.13515	11980020
190	70425.13515	11980021
191	70425.13515	11980022
192	70425.13515	11980024
193	70425.13515	11980023
194	145044.66993	11970007
195	145044.66993	11970008
196	145044.66993	11970009
197	145044.66993	11970010
198	145044.66993	11970011
199	145044.66993	11970012
200	145044.66993	11970013
201	145044.66993	11970014
202	145044.66993	11970015
203	145044.66993	11970016
204	145044.66993	11970017
205	145044.66993	11970018
206	145044.66993	11970019
207	145044.66993	11970020
208	145044.66993	11970006
209	145044.66993	11970005
210	145044.66993	11970003
211	145044.66993	11970001
212	145044.66993	11970002
213	145044.66993	11970004
214	29527.53643	11960001
216	89045.73757	11940001
223	42846.386889999994	11890001
224	42846.386889999994	11890002
225	3777.0447599999993	11890003
226	3777.0447599999993	11890004
227	157.77088000000006	11890005
228	157.77088000000006	11890006
229	450.81904	11880002
230	71925.51235	11880001
231	71925.51235	11880005
232	450.81904	11880006
233	71925.51235	11880007
234	450.81904	11880008
235	71925.51235	11880004
236	71925.51235	11880003
237	42846.386889999994	11870001
238	42846.386889999994	11870002
248	45904.71573	11830001
249	92284.96885	11830002
250	44243.93775	11830003
251	5275.02356	11820001
253	24071.970779999996	11800001
254	24071.970779999996	11800002
257	1938.3112399999995	11780008
258	1938.3112399999995	11780007
285	130849.98465999999	11720002
290	3162.42434	11710001
299	4314.753070000001	11700009
300	4314.753070000001	11700010
311	4194.00943	11680001
313	40461.57153	11660001
419	67548.37120000001	11570001
421	67548.37120000001	11570003
422	67548.37120000001	11570004
423	67548.37120000001	11570005
424	67548.37120000001	11570006
425	48422.92284	11570007
426	48422.92284	11570008
463	5803.400879999999	11550030
464	5503.754630000001	11550009
465	26347.09446	11550010
466	26347.09446	11550011
467	26347.09446	11550012
468	26347.09446	11550013
469	26347.09446	11550014
470	26347.09446	11550015
471	27512.195540000004	11550016
472	27512.195540000004	11550017
473	27512.195540000004	11550018
474	54359.259569999995	11550019
475	54359.259569999995	11550020
476	54359.259569999995	11550021
477	5181.47171	11550022
478	5181.47171	11550023
479	5181.47171	11550024
480	1270.2229	11550025
481	1270.2229	11550026
482	1270.2229	11550027
483	5803.400879999999	11550028
484	5803.400879999999	11550029
485	5503.754630000001	11550008
486	5503.754630000001	11550007
487	3054.86061	11550006
488	3054.86061	11550005
489	9164.693770000002	11550001
490	9164.693770000002	11550002
491	9164.693770000002	11550003
492	3054.86061	11550004
493	2147.40652	11550058
494	2147.40652	11550059
495	2147.40652	11550060
496	4175.54546	11550061
497	4175.54546	11550062
498	4175.54546	11550063
499	354.60949999999997	11550064
500	354.60949999999997	11550065
501	354.60949999999997	11550066
502	354.60949999999997	11550067
503	354.60949999999997	11550068
504	354.60949999999997	11550069
505	7251.2501999999995	11550070
506	7251.2501999999995	11550071
507	7251.2501999999995	11550072
508	53783.15206999999	11550073
509	53783.15206999999	11550074
510	53783.15206999999	11550075
511	3064.77415	11550076
512	3064.77415	11550077
513	3064.77415	11550078
514	1254.30223	11550057
515	159.41447	11550079
516	1254.30223	11550056
517	103836.75882000002	11550054
518	35636.249130000004	11550033
519	2999.62628	11550034
520	2999.62628	11550035
521	2999.62628	11550036
522	4524.42143	11550037
523	4524.42143	11550038
524	4524.42143	11550039
525	34156.792960000006	11550040
526	34156.792960000006	11550041
527	34156.792960000006	11550042
528	10870.33601	11550043
529	10870.33601	11550044
530	10870.33601	11550045
531	329.7212	11550046
532	329.7212	11550047
533	329.7212	11550048
534	524.0697600000001	11550049
535	524.0697600000001	11550050
536	524.0697600000001	11550051
537	1284.75517	11550052
538	103836.75882000002	11550053
539	1254.30223	11550055
540	159.41447	11550080
541	159.41447	11550081
542	5263.26004	11550082
543	5263.26004	11550083
544	5263.26004	11550084
545	6283.56399	11550085
546	6283.56399	11550086
547	6283.56399	11550087
548	2146.05008	11550088
549	2146.05008	11550089
550	2146.05008	11550090
551	303.88616	11550091
552	303.88616	11550092
553	35636.249130000004	11550032
554	303.88616	11550093
555	6847.14816	11550095
556	6847.14816	11550096
557	28049.699180000003	11550097
558	28049.699180000003	11550098
559	28049.699180000003	11550099
560	1359.62682	11550100
561	667.3994999999999	11550101
562	72535.05915	11550102
563	6847.14816	11550094
564	35636.249130000004	11550031
789	68052.77539	11510013
844	49774.876520000005	11470012
845	10898.81255	11470013
847	4094.48722	11470015
849	1609.72626	11470017
852	48202.792799999996	11470020
853	157.77088000000006	11470021
860	4094.48722	11470007
865	4094.48722	11470005
887	901.96059	11430003
888	901.96059	11430004
890	298.97443000000004	11420002
904	104.46220000000001	11400004
905	31764.78305	11390007
906	31764.78305	11390008
907	31764.78305	11390009
908	31764.78305	11390006
909	31764.78305	11390005
910	31764.78305	11390003
911	31764.78305	11390001
912	31764.78305	11390002
913	31764.78305	11390004
1011	63.91591000000001	11340004
1012	36457.128229999995	11340001
1013	3930.9756700000007	11340002
1015	105718.0913	11330001
1016	105718.0913	11330002
1017	105718.0913	11330003
1048	1547.00664	11290001
1049	1547.00664	11290002
1050	1547.00664	11290003
1051	1547.00664	11290004
1052	1547.00664	11290005
1053	1547.00664	11290006
1054	1547.00664	11290007
1055	1547.00664	11290008
1056	4309.19003	11280007
1057	57063.31505	11280006
1058	57063.31505	11280005
1059	57063.31505	11280004
1060	57063.31505	11280003
1061	987.2453300000001	11280001
1062	987.2453300000001	11280002
1064	54200.25543999999	11270002
1065	2926.6902199999995	11270003
1071	48202.792799999996	11260001
1077	48202.792799999996	11260007
1083	4094.48722	11260013
1089	4094.48722	11260019
1095	3777.0447599999993	11260025
1101	3777.0447599999993	11260031
1107	11151.63462	11250008
1108	11151.63462	11250007
1109	11151.63462	11250006
1110	11151.63462	11250004
1111	11151.63462	11250001
1113	11151.63462	11250003
1114	11151.63462	11250005
1151	268.82310000000007	11230001
1152	268.82310000000007	11230002
1155	257.59689	11210005
1156	180.12558	11210006
1157	257.59689	11210004
1158	257.59689	11210003
1159	257.59689	11210002
1160	257.59689	11210001
1177	4469.75146	11190001
1178	2226.43687	11190002
1179	4469.75146	11190003
1180	4902.54388	11190004
1181	4902.54388	11190005
1182	31611.11719	11190006
1183	31611.11719	11190007
1184	31611.11719	11190008
1185	31611.11719	11190009
1186	27245.50138	11190010
1187	31611.11719	11190011
1188	44605.47534	11190012
1189	29393.697070000002	11190013
1190	29393.697070000002	11190014
1191	4796.31863	11190015
1192	22523.184959999995	11190016
1193	2226.43687	11190017
1194	54575.10438999999	11190018
1204	3456.55808	11160014
1205	4393.9546199999995	11160015
1215	3676.4493299999995	11160005
1232	86660.91998	11130002
1233	86660.91998	11130001
1234	14033.593830000002	11120001
1235	39761.27181	11110002
1236	39761.27181	11110001
1237	71566.31499000001	11100001
1238	71566.31499000001	11100002
1239	2766.8506500000003	11090001
1240	2766.8506500000003	11090002
1241	2766.8506500000003	11090003
1242	2766.8506500000003	11090004
1243	2766.8506500000003	11090005
1245	1464.42139	11070001
1246	1464.42139	11070002
1251	49630.23100000001	11050001
1252	258535.77391	11050002
1253	3604.14141	11050003
1254	3604.14141	11050004
1255	49195.33583000001	11040007
1256	49195.33583000001	11040008
1257	49195.33583000001	11040006
1258	49195.33583000001	11040005
1259	49195.33583000001	11040004
1260	44027.1089	11040003
1261	44027.1089	11040001
1262	44027.1089	11040002
1274	115091.56444000002	11000001
1275	115091.56444000002	11000002
1276	86499.08257	10990001
1277	482.28306000000003	10980001
1281	29176.14656	10970004
1287	36569.34151	10960001
1303	3384.00803	10940001
1304	3926.0157999999997	10940002
1311	72135.76198000001	10920002
1312	72135.76198000001	10920001
1316	23232.6868	10910004
1317	23232.6868	10910005
1318	23232.6868	10910006
1319	21783.333680000003	10910007
1320	21783.333680000003	10910008
1321	21783.333680000003	10910009
1322	27642.28243	10910010
1323	2601.4515	10910011
1325	5504.62536	10900001
1326	77140.56577999999	10900002
1327	4184.82454	10900003
1328	5504.62536	10900004
1329	26950.173959999996	10900005
1330	71897.04809000001	10900006
1331	37288.22081	10900007
1332	143875.45197999998	10890001
1333	143875.45197999998	10890004
1334	19795.090600000003	10890003
1335	47979.25486	10890002
1337	3782.40297	10870001
1338	3782.40297	10870002
1339	3782.40297	10870003
1340	3782.40297	10870004
1341	2839.79664	10860006
1342	2839.79664	10860007
1343	2839.79664	10860008
1344	2839.79664	10860009
1345	43170.67369	10860010
1346	43170.67369	10860011
1347	43170.67369	10860012
1348	7821.994519999998	10860013
1349	7821.994519999998	10860014
1350	7821.994519999998	10860015
1351	2439.6608499999998	10860016
1352	2439.6608499999998	10860017
1353	2439.6608499999998	10860018
1354	2839.79664	10860019
1355	2839.79664	10860020
1356	2839.79664	10860021
1357	2839.79664	10860005
1358	2839.79664	10860004
1359	2839.79664	10860003
1360	2839.79664	10860002
1361	2839.79664	10860001
1362	3361.5510599999993	10850001
1363	790.58357	10850002
1364	3361.5510599999993	10850003
1365	790.58357	10850004
1366	3361.5510599999993	10850005
1367	4648.72593	10850007
1368	4648.72593	10850008
1369	4648.72593	10850009
1370	3361.5510599999993	10850010
1371	3361.5510599999993	10850011
1372	3361.5510599999993	10850012
1373	3361.5510599999993	10850013
1374	3361.5510599999993	10850014
1375	3361.5510599999993	10850015
1376	790.58357	10850006
1377	29265.847350000004	10840001
1378	2451.47556	10840002
1379	2451.47556	10840003
1380	144153.76226	10840004
1381	1437.2073699999999	10840005
1385	6714.88808	10810001
1386	6714.88808	10810002
1398	40.67944	10800011
1401	40.67944	10800014
1402	40.67944	10800015
1407	855.57095	10790015
1410	855.57095	10790010
1412	3107.24094	10790002
1415	855.57095	10790005
1417	3107.24094	10790007
1422	3223.35436	10780015
1429	3223.35436	10780022
1430	3223.35436	10780023
1436	3223.35436	10780029
1437	2766.8506500000003	10780030
1442	2766.8506500000003	10780035
1443	3223.35436	10780014
1453	3223.35436	10780007
1463	2766.8506500000003	10780045
1465	2766.8506500000003	10780047
1470	2766.8506500000003	10780037
1481	3511.31328	10750019
1482	3511.31328	10750020
1483	79955.29362000001	10750021
1484	79955.29362000001	10750022
1485	86191.45436	10750023
1486	3065.8156500000005	10750024
1487	3065.8156500000005	10750025
1488	13691.202920000005	10750026
1489	13691.202920000005	10750027
1490	2520.0278500000004	10750028
1491	84630.57036	10750029
1492	84630.57036	10750030
1493	81120.03896	10750031
1494	81120.03896	10750032
1495	78846.16748	10750033
1496	3511.31328	10750034
1497	3511.31328	10750035
1498	79955.29362000001	10750036
1499	79955.29362000001	10750037
1500	86191.45436	10750038
1501	3065.8156500000005	10750039
1502	78846.16748	10750018
1503	3065.8156500000005	10750040
1504	81120.03896	10750017
1505	84630.57036	10750015
1506	81120.03896	10750001
1507	81120.03896	10750002
1508	88670.43525000001	10750003
1509	3511.31328	10750004
1510	3511.31328	10750005
1511	79955.29362000001	10750006
1512	79955.29362000001	10750007
1513	86191.45436	10750008
1514	3065.8156500000005	10750009
1515	3065.8156500000005	10750010
1516	13691.202920000005	10750011
1517	13691.202920000005	10750012
1518	2520.0278500000004	10750013
1519	84630.57036	10750014
1520	81120.03896	10750016
1521	13691.202920000005	10750041
1522	13691.202920000005	10750042
1523	2520.0278500000004	10750043
1524	84630.57036	10750044
1525	84630.57036	10750045
1535	81255.62866999999	10740009
1554	72235.77196	10720008
1557	72235.77196	10720007
1558	72235.77196	10720006
1559	1409.31552	10720005
1560	72664.00102	10720004
1561	7207.081409999999	10720001
1562	7207.081409999999	10720002
1563	37144.853749999995	10720003
1564	4184.82454	10710001
1565	4184.82454	10710002
1566	4184.82454	10710003
1567	2772.60862	10700001
1568	2772.60862	10700002
1569	2772.60862	10700003
1570	57063.31505	10690001
1571	57063.31505	10690002
1572	31764.78305	10690003
1573	4184.82454	10690004
1574	4184.82454	10690006
1575	31764.78305	10690005
1576	3065.8156500000005	10680001
1577	37254.51584	10680002
1578	177185.48868	10680003
1579	3493.74155	10680004
1580	49195.33583000001	10680005
1581	3493.74155	10688006
1582	49195.33583000001	10670001
1583	49195.33583000001	10670002
1584	49195.33583000001	10670003
1585	49195.33583000001	10670004
1587	131127.31891	10660014
1589	74909.81049999999	10660016
1591	74909.81049999999	10660018
1593	2509.79879	10660020
1595	2509.79879	10660022
1597	60904.37207999999	10660024
1599	60904.37207999999	10660026
1601	131127.31891	10660028
1603	131127.31891	10660030
1606	74909.81049999999	10660033
1607	131127.31891	10660012
1611	55148.46322	10660001
1612	55148.46322	10660002
1614	2509.79879	10660004
1616	2509.79879	10660006
1618	60904.37207999999	10660008
1619	60904.37207999999	10660010
1631	151027.22639	10650014
1632	22849.16398	10650015
1633	8597.65023	10650016
1652	35461.16944	10630003
1653	66104.62321	10620001
1654	66104.62321	10620002
1655	156917.52069	10620003
1656	33413.529720000006	10610006
1657	33413.529720000006	10610005
1658	33413.529720000006	10610004
1659	33413.529720000006	10610003
1660	33413.529720000006	10610002
1661	33413.529720000006	10610001
1666	54738.38660000001	10600005
1700	30478.83026	10570001
1701	98591.99473	10560001
1702	98591.99473	10560002
1703	98591.99473	10560003
1704	98591.99473	10560004
1721	131972.86089999997	10540001
1722	131972.86089999997	10540002
1723	131972.86089999997	10540003
1724	131972.86089999997	10540004
1725	27411.11849	10530002
1726	27411.11849	10530001
1727	27411.11849	10530005
1728	27411.11849	10530006
1729	27411.11849	10530007
1730	61496.16578	10530008
1731	27411.11849	10530009
1732	27411.11849	10530010
1733	27411.11849	10530011
1734	61496.16578	10530012
1735	61496.16578	10530004
1736	27411.11849	10530003
1737	7113.769469999999	10520001
1738	7113.769469999999	10520002
1740	27841.036849999997	10510002
1741	27841.036849999997	10510003
1742	26972.284399999997	10510004
1743	36212.19336	10510005
1744	9385.927359999998	10510006
1745	4571.900049999999	10510007
1746	3622.2266799999998	10510008
1747	2286.3960100000004	10510009
1748	19015.580339999993	10510010
1749	5286.9774099999995	10510011
1755	30478.83026	10490001
1765	3306.5767300000007	10440002
1769	73965.94157	10440006
1770	26950.173959999996	10440007
1771	26950.173959999996	10440008
1772	3514.3519800000004	10440009
1773	27120.11076	10440010
1774	2071.72563	10440011
1775	2071.72563	10440012
1776	154754.15349	10440013
1777	154754.15349	10440014
1778	154754.15349	10440015
1779	154754.15349	10440016
1780	154754.15349	10440017
1781	154754.15349	10440018
1782	154754.15349	10440019
1783	154754.15349	10440020
1784	154754.15349	10440022
1785	154754.15349	10440023
1786	154754.15349	10440024
1787	154754.15349	10440025
1788	154754.15349	10440026
1789	154754.15349	10440027
1790	154754.15349	10440028
1791	154754.15349	10440021
1792	3281.82808	10430001
1793	3281.82808	10430002
1794	3281.82808	10430003
1795	3886.71337	10430004
1796	3602.8495899999994	10430005
1797	3281.82808	10430006
1798	3281.82808	10430007
1799	107353.45931000002	10430008
1800	3281.82808	10430009
1801	3281.82808	10430010
1802	3281.82808	10430011
1803	3281.82808	10430012
1804	3602.8495899999994	10430013
1805	3281.82808	10430014
1806	3281.82808	10430015
1807	88979.74467	10420002
1808	88979.74467	10420001
1809	33989.33262000001	10410001
1810	40614.27522	10400001
1811	40614.27522	10400002
1812	71585.42337	10390001
1813	71585.42337	10390002
1814	71585.42337	10390003
1815	71585.42337	10390004
1816	71585.42337	10390005
1817	71585.42337	10390006
1822	198945.98877000003	10370001
1851	92731.06244000001	10350001
1852	136136.47002	10340001
1853	92731.06244000001	10330027
1854	92731.06244000001	10330028
1855	92731.06244000001	10330029
1856	92731.06244000001	10330030
1857	92731.06244000001	10330026
1858	92731.06244000001	10330025
1859	92731.06244000001	10330024
1860	92731.06244000001	10330023
1861	92731.06244000001	10330001
1862	92731.06244000001	10330002
1863	92731.06244000001	10330003
1864	92731.06244000001	10330004
1865	92731.06244000001	10330005
1866	92731.06244000001	10330006
1867	92731.06244000001	10330007
1868	92731.06244000001	10330008
1869	92731.06244000001	10330009
1870	92731.06244000001	10330010
1871	92731.06244000001	10330011
1872	92731.06244000001	10330013
1873	92731.06244000001	10330014
1874	92731.06244000001	10330015
1875	92731.06244000001	10330016
1876	92731.06244000001	10330017
1877	92731.06244000001	10330018
1878	92731.06244000001	10330019
1879	92731.06244000001	10330020
1880	92731.06244000001	10330021
1881	92731.06244000001	10330022
1882	92731.06244000001	10330012
1883	21370.318890000002	10320001
1884	24437.319150000003	10310001
1885	74052.74110000001	10310002
1911	3461.115140000001	10260006
1913	3461.115140000001	10260002
1916	3461.115140000001	10260005
1917	71672.13297	10250001
1918	71672.13297	10250002
1919	71672.13297	10250003
1920	71672.13297	10250004
1921	71672.13297	10250005
1922	71672.13297	10250006
1923	71672.13297	10250007
1924	71672.13297	10250008
1925	71672.13297	10250009
1926	71672.13297	10250010
1927	71672.13297	10250011
1928	71672.13297	10250012
1929	80587.48056000001	10240001
1930	45013.60325	10240002
1937	909.3800699999999	10220001
1938	71124.67164000002	10220002
1939	121588.16207000003	10220003
1940	909.3800699999999	10220004
1941	71124.67164000002	10220005
1942	121588.16207000003	10220006
1945	138.73513	10210003
1949	45547.71894	10210007
1950	1918.3092000000004	10210008
1960	1866.9140300000006	10180001
1961	12168.99447	10180024
1962	1866.9140300000006	10180002
1963	1866.9140300000006	10180003
1964	1866.9140300000006	10180004
1965	6226.8706	10180005
1966	6226.8706	10180006
1967	6226.8706	10180007
1968	6226.8706	10180008
1969	6226.8706	10180009
1970	6226.8706	10180010
1971	1866.9140300000006	10180011
1972	1866.9140300000006	10180012
1973	12168.99447	10180014
1974	12168.99447	10180015
1975	12168.99447	10180016
1976	44626.55334	10180017
1977	44626.55334	10180018
1978	44626.55334	10180019
1979	44626.55334	10180020
1980	44626.55334	10180021
1981	44626.55334	10180022
1982	12168.99447	10180023
1983	12168.99447	10180013
1984	573.3786	10170001
1985	107528.55651999998	10170002
1986	81121.36272	10170003
1987	4705.755590000001	10170004
1988	4705.755590000001	10170005
1996	3223.35436	10160008
2006	3223.35436	10160018
2008	1240.6508099999999	10150003
2009	1240.6508099999999	10150002
2010	1240.6508099999999	10150001
2011	78789.33619000002	10140004
2012	78789.33619000002	10140001
2013	78789.33619000002	10140002
2014	78789.33619000002	10140003
2020	1360.96463	10120005
2021	1723.3309100000001	10120006
2023	151854.63493	10120008
2024	205.59827	10110044
2025	206.59595999999996	10110023
2026	206.59595999999996	10110024
2028	206.59595999999996	10110026
2029	206.59595999999996	10110027
2030	206.59595999999996	10110028
2031	934.2194299999999	10110029
2032	934.2194299999999	10110030
2035	934.2194299999999	10110033
2036	934.2194299999999	10110034
2037	934.2194299999999	10110035
2038	74393.39944000001	10110036
2039	74393.39944000001	10110037
2040	74393.39944000001	10110038
2042	74393.39944000001	10110040
2043	74393.39944000001	10110041
2044	74393.39944000001	10110042
2045	205.59827	10110043
2046	206.59595999999996	10110022
2047	86132.12557	10110021
2048	86132.12557	10110020
2049	86132.12557	10110019
2050	2695.27179	10110001
2051	2695.27179	10110002
2054	2695.27179	10110005
2055	2695.27179	10110006
2056	2695.27179	10110007
2057	17976.805760000003	10110009
2060	17976.805760000003	10110012
2061	17976.805760000003	10110013
2062	17976.805760000003	10110014
2063	86132.12557	10110015
2064	86132.12557	10110016
2067	17976.805760000003	10110008
2068	205.59827	10110047
2069	205.59827	10110048
2070	934.2194299999999	10110049
2071	934.2194299999999	10110050
2074	934.2194299999999	10110053
2075	934.2194299999999	10110054
2076	934.2194299999999	10110055
2078	205.59827	10110045
2087	2080.09319	10090001
2089	53448.57844	10090004
2090	1743.6135600000002	10090005
2091	1743.6135600000002	10090006
2094	307.24337	10090009
2097	859.2134399999999	10080001
2198	3317.35795	10060002
2199	94117.64894000001	10060001
2200	43304.438160000005	10060030
2201	3317.35795	10060031
2202	43304.438160000005	10060032
2203	43304.438160000005	10060033
2204	43304.438160000005	10060034
2205	54814.33112	10060035
2206	54814.33112	10060036
2207	37634.27407	10060037
2208	4344.22504	10060038
2209	23204.53737	10060039
2210	25646.45308	10060029
2211	23204.53737	10060028
2212	37634.27407	10060026
2213	54814.33112	10060005
2214	37634.27407	10060006
2215	4344.22504	10060007
2216	23204.53737	10060008
2217	60911.46155999999	10060009
2218	43304.438160000005	10060010
2219	3317.35795	10060011
2220	4314.753070000001	10060012
2221	43304.438160000005	10060013
2222	43304.438160000005	10060014
2223	54814.33112	10060015
2224	54814.33112	10060016
2225	37634.27407	10060017
2226	4344.22504	10060018
2227	23204.53737	10060019
2228	163993.73315999997	10060020
2229	94117.64894000001	10060021
2230	3317.35795	10060022
2231	43304.438160000005	10060023
2232	54814.33112	10060024
2233	54814.33112	10060025
2234	4344.22504	10060027
2235	54814.33112	10060004
2236	43304.438160000005	10060003
2258	35913.56684	10020002
2259	19779.560100000002	10020001
2268	23586.76852	9990001
2269	23586.76852	9990002
2270	23586.76852	9990003
2271	23586.76852	9990004
2272	23586.76852	9990005
2273	23586.76852	9990006
2274	23586.76852	9990008
2275	27757.112190000003	9990009
2276	27757.112190000003	9990010
2277	23586.76852	9990007
2291	20348.925769999998	9950001
2292	20348.925769999998	9950002
2293	26950.173959999996	9940001
2294	37674.57327	9940002
2295	4184.82454	9940003
2296	4184.82454	9940004
2302	4184.82454	9920001
2303	4184.82454	9920002
2304	4184.82454	9920003
2305	4184.82454	9920004
2306	98401.95008	9910006
2307	98401.95008	9910007
2308	98401.95008	9910005
2309	98401.95008	9910004
2310	98401.95008	9910002
2311	98401.95008	9910001
2312	31964.18982	9910003
2316	6237.0855599999995	9890001
2317	47142.22847000001	9880001
2318	351.80877999999996	9870001
2319	2071.72563	9870004
2320	2071.72563	9870005
2321	2071.72563	9870006
2322	351.80877999999996	9870007
2323	351.80877999999996	9870008
2324	351.80877999999996	9870009
2325	2071.72563	9870010
2326	2071.72563	9870011
2327	2071.72563	9870012
2328	351.80877999999996	9870013
2329	351.80877999999996	9870014
2330	351.80877999999996	9870015
2331	2071.72563	9870016
2332	2071.72563	9870017
2333	2071.72563	9870018
2334	351.80877999999996	9870003
2335	351.80877999999996	9870002
2336	5504.62536	9860001
2337	5504.62536	9860002
2341	46580.1146	9840003
2342	35385.271629999996	9840004
2343	35385.271629999996	9840005
2344	4183.6299	9840006
2345	47349.85872	9840007
2346	47349.85872	9840008
2347	81066.40703000002	9840009
2348	35385.271629999996	9840010
2349	35385.271629999996	9840011
2350	46580.1146	9840012
2351	35385.271629999996	9840013
2352	35385.271629999996	9840014
2353	4183.6299	9840015
2354	47349.85872	9840016
2355	47349.85872	9840017
2356	81066.40703000002	9840018
2357	35385.271629999996	9840002
2358	35385.271629999996	9840001
2372	144.17842000000002	9820005
2424	89950.28688000001	9770001
2425	55269.32903	9760001
2426	83395.74228	9750001
2428	49195.33583000001	9730005
2429	49195.33583000001	9730001
2430	49195.33583000001	9730002
2431	49195.33583000001	9730003
2432	49195.33583000001	9730004
2433	49195.33583000001	9730008
2434	49195.33583000001	9730009
2435	49195.33583000001	9730010
2436	49195.33583000001	9730011
2437	49195.33583000001	9730012
2438	49195.33583000001	9730007
2439	49195.33583000001	9730006
2464	3640.567040000001	9710037
2465	1944.7354500000001	9710016
2466	1944.7354500000001	9710017
2467	1944.7354500000001	9710018
2468	3640.567040000001	9710019
2469	3640.567040000001	9710020
2470	1944.7354500000001	9710021
2471	1944.7354500000001	9710022
2472	1944.7354500000001	9710023
2473	1944.7354500000001	9710024
2474	3640.567040000001	9710025
2475	3640.567040000001	9710026
2476	1944.7354500000001	9710027
2477	1944.7354500000001	9710028
2478	1944.7354500000001	9710029
2479	1944.7354500000001	9710030
2480	3640.567040000001	9710031
2481	3640.567040000001	9710032
2482	1944.7354500000001	9710033
2483	1944.7354500000001	9710034
2484	1944.7354500000001	9710035
2485	1944.7354500000001	9710036
2486	1944.7354500000001	9710015
2487	3640.567040000001	9710014
2488	3640.567040000001	9710013
2489	1944.7354500000001	9710012
2490	3640.567040000001	9710002
2491	1944.7354500000001	9710003
2492	1944.7354500000001	9710004
2493	1944.7354500000001	9710005
2494	1944.7354500000001	9710006
2495	3640.567040000001	9710007
2496	3640.567040000001	9710008
2497	1944.7354500000001	9710009
2498	1944.7354500000001	9710010
2499	1944.7354500000001	9710011
2500	3640.567040000001	9710001
2501	1944.7354500000001	9710065
2502	1944.7354500000001	9710066
2503	3640.567040000001	9710067
2504	3640.567040000001	9710068
2505	1944.7354500000001	9710069
2506	1944.7354500000001	9710070
2507	1944.7354500000001	9710071
2508	1944.7354500000001	9710072
2509	3640.567040000001	9710073
2510	3640.567040000001	9710074
2511	1944.7354500000001	9710075
2512	1944.7354500000001	9710076
2513	1944.7354500000001	9710077
2514	1944.7354500000001	9710078
2515	3640.567040000001	9710079
2516	3640.567040000001	9710080
2517	1944.7354500000001	9710081
2518	1944.7354500000001	9710082
2519	1944.7354500000001	9710083
2520	1944.7354500000001	9710084
2521	3640.567040000001	9710085
2522	1944.7354500000001	9710064
2523	3640.567040000001	9710086
2524	1944.7354500000001	9710063
2525	3640.567040000001	9710061
2526	1944.7354500000001	9710040
2527	1944.7354500000001	9710041
2528	1944.7354500000001	9710042
2529	3640.567040000001	9710043
2530	3640.567040000001	9710044
2531	1944.7354500000001	9710045
2532	1944.7354500000001	9710046
2533	1944.7354500000001	9710047
2534	1944.7354500000001	9710048
2535	3640.567040000001	9710049
2536	3640.567040000001	9710050
2537	1944.7354500000001	9710051
2538	1944.7354500000001	9710052
2539	1944.7354500000001	9710053
2540	1944.7354500000001	9710054
2541	3640.567040000001	9710055
2542	3640.567040000001	9710056
2543	1944.7354500000001	9710057
2544	1944.7354500000001	9710058
2545	1944.7354500000001	9710059
2546	1944.7354500000001	9710060
2547	3640.567040000001	9710062
2548	1944.7354500000001	9710087
2549	1944.7354500000001	9710088
2550	1944.7354500000001	9710089
2551	1944.7354500000001	9710090
2552	3640.567040000001	9710091
2553	3640.567040000001	9710092
2554	1944.7354500000001	9710093
2555	1944.7354500000001	9710094
2556	1944.7354500000001	9710095
2557	1944.7354500000001	9710096
2558	3640.567040000001	9710097
2559	3640.567040000001	9710098
2560	1944.7354500000001	9710099
2561	1944.7354500000001	9710039
2562	1944.7354500000001	9710100
2563	1944.7354500000001	9710102
2564	3640.567040000001	9710103
2565	3640.567040000001	9710104
2566	1944.7354500000001	9710105
2567	1944.7354500000001	9710106
2568	1944.7354500000001	9710107
2569	1944.7354500000001	9710108
2570	1944.7354500000001	9710101
2571	3640.567040000001	9710038
2572	107109.43935000003	9700001
2573	2524.4910200000004	9700002
2574	2524.4910200000004	9700003
2575	86585.12455	9700004
2576	86585.12455	9700005
2577	86585.12455	9700006
2578	45909.200150000004	9700007
2579	86585.12455	9700008
2580	86585.12455	9700009
2581	2606.1750800000004	9700010
2582	3065.8156500000005	9700011
2583	86585.12455	9700012
2584	2606.1750800000004	9700013
2585	86585.12455	9700014
2586	2524.4910200000004	9700015
2587	2524.4910200000004	9700016
2588	38999.161479999995	9690012
2589	38999.161479999995	9690001
2590	38999.161479999995	9690002
2591	38999.161479999995	9690003
2592	38999.161479999995	9690004
2593	38999.161479999995	9690005
2594	38999.161479999995	9690006
2595	38999.161479999995	9690007
2596	38999.161479999995	9690008
2597	38999.161479999995	9690009
2598	38999.161479999995	9690010
2599	38999.161479999995	9690011
2600	38999.161479999995	9690040
2601	38999.161479999995	9690041
2602	38999.161479999995	9690042
2603	38999.161479999995	9690043
2604	38999.161479999995	9690044
2605	38999.161479999995	9690045
2606	38999.161479999995	9690046
2607	38999.161479999995	9690047
2608	38999.161479999995	9690048
2609	38999.161479999995	9690049
2610	38999.161479999995	9690050
2611	38999.161479999995	9690051
2612	38999.161479999995	9690052
2613	38999.161479999995	9690053
2614	38999.161479999995	9690054
2615	38999.161479999995	9690055
2616	38999.161479999995	9690056
2617	38999.161479999995	9690057
2618	38999.161479999995	9690058
2619	38999.161479999995	9690059
2620	38999.161479999995	9690039
2621	38999.161479999995	9690038
2622	38999.161479999995	9690036
2623	38999.161479999995	9690015
2624	38999.161479999995	9690016
2625	38999.161479999995	9690017
2626	38999.161479999995	9690018
2627	38999.161479999995	9690019
2628	38999.161479999995	9690020
2629	38999.161479999995	9690021
2630	38999.161479999995	9690022
2631	38999.161479999995	9690023
2632	38999.161479999995	9690024
2633	38999.161479999995	9690025
2634	38999.161479999995	9690026
2635	38999.161479999995	9690027
2636	38999.161479999995	9690028
2637	38999.161479999995	9690029
2638	38999.161479999995	9690030
2639	38999.161479999995	9690031
2640	38999.161479999995	9690032
2641	38999.161479999995	9690033
2642	38999.161479999995	9690034
2643	38999.161479999995	9690035
2644	38999.161479999995	9690037
2645	38999.161479999995	9690014
2646	38999.161479999995	9690013
2647	45909.200150000004	9680001
2648	45909.200150000004	9680002
2649	45909.200150000004	9680003
2650	45909.200150000004	9680004
2651	45909.200150000004	9680005
2652	45909.200150000004	9680006
2653	45909.200150000004	9680007
2654	45909.200150000004	9680008
2655	45909.200150000004	9680009
2656	45909.200150000004	9680010
2657	45909.200150000004	9680011
2658	45909.200150000004	9680012
2659	45909.200150000004	9680039
2660	45909.200150000004	9680040
2661	45909.200150000004	9680041
2662	45909.200150000004	9680042
2663	45909.200150000004	9680043
2664	45909.200150000004	9680044
2665	45909.200150000004	9680045
2666	45909.200150000004	9680046
2667	45909.200150000004	9680047
2668	45909.200150000004	9680048
2669	45909.200150000004	9680038
2670	45909.200150000004	9680037
2671	45909.200150000004	9680036
2672	45909.200150000004	9680035
2673	45909.200150000004	9680013
2674	45909.200150000004	9680014
2675	45909.200150000004	9680015
2676	45909.200150000004	9680016
2677	45909.200150000004	9680017
2678	45909.200150000004	9680018
2679	45909.200150000004	9680019
2680	45909.200150000004	9680020
2681	45909.200150000004	9680021
2682	45909.200150000004	9680022
2683	45909.200150000004	9680023
2684	45909.200150000004	9680025
2685	45909.200150000004	9680026
2686	45909.200150000004	9680027
2687	45909.200150000004	9680028
2688	45909.200150000004	9680029
2689	45909.200150000004	9680030
2690	45909.200150000004	9680031
2691	45909.200150000004	9680032
2692	45909.200150000004	9680033
2693	45909.200150000004	9680034
2694	45909.200150000004	9680024
2706	40312.6267	9660002
2707	46152.99156000001	9650022
2708	46152.99156000001	9650021
2709	46152.99156000001	9650020
2710	46152.99156000001	9650018
2711	46152.99156000001	9650001
2712	46152.99156000001	9650002
2713	46152.99156000001	9650003
2714	46152.99156000001	9650004
2715	46152.99156000001	9650005
2716	46152.99156000001	9650006
2717	46152.99156000001	9650007
2718	46152.99156000001	9650008
2719	46152.99156000001	9650009
2720	46152.99156000001	9650010
2721	46152.99156000001	9650011
2722	46152.99156000001	9650012
2723	46152.99156000001	9650013
2724	46152.99156000001	9650014
2725	46152.99156000001	9650015
2726	46152.99156000001	9650016
2727	46152.99156000001	9650017
2728	46152.99156000001	9650019
2748	2475.2562600000006	9620007
2776	46152.99156000001	9580003
2779	47411.61928	9570001
2780	47411.61928	9570002
2781	47411.61928	9570003
2782	47411.61928	9570004
2783	47411.61928	9570005
2784	47411.61928	9570006
2785	47411.61928	9570007
2786	47411.61928	9570008
2787	47411.61928	9570009
2789	47411.61928	9570011
2790	47411.61928	9570012
2792	2731.0725300000004	9560018
2793	2731.0725300000004	9560019
2797	2731.0725300000004	9560023
2799	2731.0725300000004	9560025
2804	2731.0725300000004	9560030
2806	2731.0725300000004	9560032
2810	2731.0725300000004	9560013
2815	2731.0725300000004	9560005
2816	2731.0725300000004	9560006
2817	2731.0725300000004	9560007
2820	2731.0725300000004	9560010
2822	2731.0725300000004	9560012
2823	2731.0725300000004	9560014
2838	8399.57337	9550036
2844	8399.57337	9550042
2848	8399.57337	9550020
2849	8399.57337	9550019
2853	8399.57337	9550004
2854	8399.57337	9550005
2855	8399.57337	9550006
2856	8399.57337	9550007
2857	8399.57337	9550009
2858	8399.57337	9550010
2859	8399.57337	9550011
2860	8399.57337	9550012
2861	8399.57337	9550013
2862	8399.57337	9550014
2863	8399.57337	9550015
2864	8399.57337	9550016
2865	8399.57337	9550017
2866	8399.57337	9550018
2867	8399.57337	9550008
2876	4184.82454	9550055
2882	45909.200150000004	9530001
2883	45909.200150000004	9530002
2905	71671.73586000002	9510008
2906	71671.73586000002	9510009
2907	71671.73586000002	9510010
2911	71566.31499000001	9500008
2912	71558.7531	9500001
2913	71566.31499000001	9500002
2914	71587.38329	9500003
2915	71566.31499000001	9500004
2916	71566.31499000001	9500005
2917	71587.38329	9500006
2918	71566.31499000001	9500007
2925	3110.0778200000004	9490009
2926	3110.0778200000004	9490010
2927	3110.0778200000004	9490011
2928	3110.0778200000004	9490012
2929	3110.0778200000004	9490013
2930	3110.0778200000004	9490014
2931	3110.0778200000004	9490015
2932	3110.0778200000004	9490016
2948	2524.4910200000004	9470004
2951	54973.059720000005	9470007
2963	6800.50947	9450001
2964	423.89065	9450002
2975	79492.84117	9430005
2997	56473.595950000024	9400001
3000	44768.05027000001	9380001
3001	44768.05027000001	9380002
3002	44768.05027000001	9380003
3003	44768.05027000001	9380004
3004	44768.05027000001	9380005
3005	44768.05027000001	9380006
3006	44768.05027000001	9380007
3007	44768.05027000001	9380008
3025	88942.54260999999	9360038
3051	110738.63326999999	9350003
3052	110738.63326999999	9350004
3058	110861.30734999999	9330001
3059	110861.30734999999	9330002
3060	110861.30734999999	9330003
3061	138510.07418999998	9330004
3062	138510.07418999998	9330005
3063	138510.07418999998	9330006
3064	5286.582670000001	9330007
3065	5286.582670000001	9330008
3067	6283.56399	9330010
3068	53783.15206999999	9330011
3069	53783.15206999999	9330012
3073	53783.15206999999	9330013
3074	53783.15206999999	9330014
3075	53783.15206999999	9330015
3077	1224.78066	9330017
3078	354.60949999999997	9330018
3080	22385.906729999995	9330020
3081	159.41447	9330021
3082	1224.78066	9330022
3083	1701.4283199999998	9330023
3084	6355.29927	9330025
3087	5286.582670000001	9330028
3088	5286.582670000001	9330029
3090	5286.582670000001	9330031
3094	1272.62067	9330024
3109	53783.15206999999	9310011
3110	110861.30734999999	9310001
3111	110861.30734999999	9310002
3112	110861.30734999999	9310003
3113	138510.07418999998	9310004
3114	138510.07418999998	9310005
3116	5286.582670000001	9310007
3117	5286.582670000001	9310008
3118	5286.582670000001	9310009
3126	354.60949999999997	9310018
3133	6355.29927	9310025
3136	5286.582670000001	9310028
3137	5286.582670000001	9310029
3139	5286.582670000001	9310031
3146	27512.195540000004	9300027
3147	27512.195540000004	9300028
3148	27512.195540000004	9300029
3149	27512.195540000004	9300030
3150	27512.195540000004	9300031
3151	27512.195540000004	9300032
3152	27512.195540000004	9300033
3153	27512.195540000004	9300034
3154	27512.195540000004	9300035
3155	27512.195540000004	9300036
3156	27512.195540000004	9300037
3157	27512.195540000004	9300026
3158	27512.195540000004	9300025
3159	27512.195540000004	9300024
3160	27512.195540000004	9300023
3161	27512.195540000004	9300001
3162	27512.195540000004	9300002
3163	27512.195540000004	9300003
3164	27512.195540000004	9300004
3165	27512.195540000004	9300005
3166	27512.195540000004	9300006
3167	27512.195540000004	9300007
3168	27512.195540000004	9300008
3169	27512.195540000004	9300009
3170	27512.195540000004	9300010
3171	27512.195540000004	9300011
3172	27512.195540000004	9300013
3173	27512.195540000004	9300014
3174	27512.195540000004	9300015
3175	27512.195540000004	9300016
3176	27512.195540000004	9300017
3177	27512.195540000004	9300018
3178	27512.195540000004	9300019
3179	27512.195540000004	9300020
3180	27512.195540000004	9300021
3181	27512.195540000004	9300022
3182	27512.195540000004	9300012
3226	88370.90436	9280006
3227	4045.21518	9280007
3228	4045.21518	9280008
3229	4045.21518	9280009
3233	55124.64397	9280013
3234	55124.64397	9280014
3236	55124.64397	9280016
3241	1270.2229	9280021
3242	3676.4493299999995	9280022
3243	7597.961979999998	9280023
3245	27903.53587	9280025
3247	88370.90436	9280005
3248	88370.90436	9280004
3249	113357.30126000001	9280003
3250	113357.30126000001	9280002
3251	113357.30126000001	9280001
3260	4045.21518	9280029
3261	4045.21518	9280028
3267	5644.66237	9270018
3274	5644.66237	9270025
3276	1272.62067	9270027
3282	5644.66237	9270033
3285	5644.66237	9270011
3290	5644.66237	9270004
3319	2887.0022300000005	9260001
3320	1812.9576000000002	9260002
3335	7937.1313900000005	9240009
3336	7937.1313900000005	9240010
3339	35636.249130000004	9240008
3340	257.17759	9240007
3343	3083.8483700000006	9230027
3344	1994.58398	9230028
3349	3065.8156500000005	9230033
3350	3450.94316	9230034
3353	3083.8483700000006	9230037
3354	1994.58398	9230038
3357	3450.94316	9230024
3358	3065.8156500000005	9230023
3363	3065.8156500000005	9230003
3364	3450.94316	9230004
3365	46154.57729	9230005
3367	3083.8483700000006	9230007
3368	1994.58398	9230008
3372	3065.8156500000005	9230013
3373	3450.94316	9230014
3374	46154.57729	9230015
3376	3083.8483700000006	9230017
3377	1994.58398	9230018
3397	45833.412650000006	9210001
3398	45833.412650000006	9210029
3399	45833.412650000006	9210030
3400	45833.412650000006	9210031
3401	45833.412650000006	9210032
3402	45833.412650000006	9210033
3403	45833.412650000006	9210034
3404	45833.412650000006	9210035
3405	45833.412650000006	9210036
3406	45833.412650000006	9210037
3407	45833.412650000006	9210038
3408	45833.412650000006	9210039
3409	45833.412650000006	9210028
3410	45833.412650000006	9210027
3411	45833.412650000006	9210025
3412	45833.412650000006	9210004
3413	45833.412650000006	9210005
3414	45833.412650000006	9210006
3415	45833.412650000006	9210007
3416	45833.412650000006	9210008
3417	45833.412650000006	9210009
3418	45833.412650000006	9210010
3419	45833.412650000006	9210011
3420	45833.412650000006	9210012
3421	45833.412650000006	9210013
3422	45833.412650000006	9210014
3423	45833.412650000006	9210015
3424	45833.412650000006	9210016
3425	45833.412650000006	9210017
3426	45833.412650000006	9210018
3427	45833.412650000006	9210019
3428	45833.412650000006	9210020
3429	45833.412650000006	9210021
3430	45833.412650000006	9210022
3431	45833.412650000006	9210023
3432	45833.412650000006	9210024
3433	45833.412650000006	9210026
3434	45833.412650000006	9210003
3435	45833.412650000006	9210002
3436	45833.412650000006	9200001
3437	45833.412650000006	9200002
3438	125127.88235000001	9200003
3439	125127.88235000001	9200004
3440	45833.412650000006	9200005
3441	45833.412650000006	9200006
3442	125127.88235000001	9200007
3443	125127.88235000001	9200008
3444	19509.116500000004	9190001
3445	81120.03896	9180001
3446	81120.03896	9180002
3447	81120.03896	9180003
3448	81120.03896	9180004
3449	81120.03896	9180005
3450	81120.03896	9180006
3451	81120.03896	9180007
3452	81120.03896	9180008
3453	81120.03896	9180009
3454	81120.03896	9180010
3455	81120.03896	9180011
3458	35385.271629999996	9160002
3459	35385.271629999996	9160001
3460	71297.18593	9150001
3461	71297.18593	9150002
3462	72047.52713	9150003
3463	72047.52713	9150004
3464	72047.52713	9150005
3465	72047.52713	9150006
3466	72047.52713	9150007
3467	72047.52713	9150008
3468	72047.52713	9150009
3469	72047.52713	9150010
3470	72047.52713	9150011
3471	72047.52713	9150012
3472	72047.52713	9150013
3473	72047.52713	9150014
3474	72047.52713	9150015
3475	72047.52713	9150016
3476	72047.52713	9150017
3477	72047.52713	9150040
3478	72047.52713	9150018
3479	72047.52713	9150019
3480	72047.52713	9150020
3481	71297.18593	9150021
3482	71297.18593	9150022
3483	72047.52713	9150023
3484	72047.52713	9150024
3485	72047.52713	9150025
3486	72047.52713	9150026
3487	72047.52713	9150027
3488	72047.52713	9150028
3489	72047.52713	9150030
3490	72047.52713	9150031
3491	72047.52713	9150032
3492	72047.52713	9150033
3493	72047.52713	9150034
3494	72047.52713	9150035
3495	72047.52713	9150036
3496	72047.52713	9150037
3497	72047.52713	9150038
3498	72047.52713	9150039
3499	72047.52713	9150029
3500	46179.848190000004	9140008
3501	46179.848190000004	9140009
3502	46179.848190000004	9140010
3503	46179.848190000004	9140011
3504	46179.848190000004	9140012
3508	46179.848190000004	9140007
3523	12921.842389999998	9110001
3524	3543.27381	9100002
3525	3543.27381	9100003
3526	3543.27381	9100004
3527	3543.27381	9100005
3528	3543.27381	9100006
3529	3543.27381	9100007
3530	3543.27381	9100008
3531	3543.27381	9100009
3532	3543.27381	9100010
3533	3543.27381	9100001
3534	13352.94307	9090003
3535	13352.94307	9090001
3536	13352.94307	9090002
3537	13352.94307	9090004
3544	28704.925029999995	9060001
3552	392.25703000000004	9040001
3553	392.25703000000004	9040002
3554	45990.55691	9030001
3555	39761.78235	9020001
3556	141952.20492999998	9010009
3557	29991.74813	9010008
3558	27431.066759999998	9010007
3559	27431.066759999998	9010006
3560	27431.066759999998	9010005
3561	27431.066759999998	9010001
3562	3810.09997	9010002
3563	27431.066759999998	9010003
3564	27431.066759999998	9010004
3565	45783.22097	9000001
3566	45783.22097	9000002
3567	45783.22097	9000003
3568	45783.22097	9000004
3590	1584.1736300000002	8970002
3601	4184.82454	8960020
3602	4184.82454	8960021
3603	4184.82454	8960022
3604	4184.82454	8960023
3605	4184.82454	8960024
3606	4184.82454	8960025
3607	4184.82454	8960026
3608	4184.82454	8960019
3609	4184.82454	8960018
3610	4184.82454	8960016
3611	4184.82454	8960001
3612	4184.82454	8960002
3613	4184.82454	8960003
3614	4184.82454	8960004
3615	4184.82454	8960005
3616	4184.82454	8960006
3617	4184.82454	8960007
3618	4184.82454	8960008
3619	4184.82454	8960009
3620	4184.82454	8960010
3621	4184.82454	8960011
3622	4184.82454	8960012
3623	4184.82454	8960013
3624	4184.82454	8960014
3625	4184.82454	8960015
3626	4184.82454	8960017
3627	2772.60862	8950003
3628	2772.60862	8950004
3629	2772.60862	8950005
3630	2772.60862	8950006
3631	2772.60862	8950007
3632	2772.60862	8950008
3633	2772.60862	8950002
3634	2772.60862	8950001
3649	946.34059	8900001
3650	946.34059	8900002
3651	946.34059	8900003
3652	946.34059	8900004
3653	946.34059	8900005
3654	946.34059	8900006
3655	946.34059	8900007
3656	946.34059	8900008
3659	71537.0188	8880005
3694	12311.92284	8820004
3697	126778.80623999999	8800001
3698	126778.80623999999	8800002
3699	126778.80623999999	8800003
3701	12081.49829	8780001
3702	187030.96105999997	8770009
3707	4374.694189999999	8770014
3708	144136.62335	8770008
3709	233433.91535	8770007
3710	233433.91535	8770005
3712	49133.343029999996	8770002
3713	233433.91535	8770003
3714	233433.91535	8770004
3715	233433.91535	8770006
3727	2117.34773	8740001
3743	190967.67250000002	8660001
3752	9505.31527	8640002
3756	190967.67250000002	8620003
3766	1792.5658899999999	8610006
3767	1792.5658899999999	8610007
3769	75440.81362	8600002
3784	1272.62067	8590015
3795	1609.72626	8590026
3810	39601.564920000004	8590034
3811	1609.72626	8590035
3812	1272.62067	8590036
3813	382.36465000000004	8590037
3814	382.36465000000004	8590038
3815	38540.98825000001	8580001
3816	38540.98825000001	8580002
3817	38540.98825000001	8580003
3818	38540.98825000001	8580004
3823	40221.377230000006	8570005
3829	37438.41384000001	8560001
3831	37438.41384000001	8560003
3835	3046.5047600000003	8560033
3838	3046.5047600000003	8560036
3842	3046.5047600000003	8560040
3843	2797.4067800000003	8560041
3845	11810.58828	8560043
3847	12850.884	8560045
3848	12850.884	8560046
3849	12850.884	8560047
3850	126171.18453	8560048
3888	65055.152930000004	8540001
3889	65055.152930000004	8540002
3890	65055.152930000004	8540003
3891	65055.152930000004	8540004
3892	98971.75784	8540005
3893	3254.23094	8540006
3894	6188.488109999999	8540007
3895	71672.13297	8530001
3896	345.41848000000005	8530003
3897	345.41848000000005	8530004
3898	345.41848000000005	8530005
3899	71672.13297	8530006
3900	345.41848000000005	8530007
3903	141863.93636000002	8520003
3904	39147.51619000001	8510014
3905	39147.51619000001	8510015
3906	39147.51619000001	8510016
3907	39147.51619000001	8510017
3908	39147.51619000001	8510013
3909	39147.51619000001	8510012
3910	39147.51619000001	8510010
3911	133694.03846	8510001
3912	133694.03846	8510002
3913	95689.39474	8510003
3914	124880.36054	8510004
3919	39147.51619000001	8510011
3935	1317.4156600000001	8490033
3936	33748.039670000006	8490034
3938	923.54782	8490036
3940	890.8237699999997	8490038
3941	3502.0890099999997	8490039
3944	325.33317	8490042
3945	325.33317	8490043
3946	325.33317	8490044
3947	325.33317	8490045
3949	325.33317	8490047
3950	325.33317	8490048
3952	325.33317	8490050
3953	325.33317	8490051
3962	11440.379599999998	8490009
3965	26347.09446	8490012
3971	185.65560000000002	8490019
3972	185.65560000000002	8490020
3979	1799.4278100000004	8490027
3988	3436.0595100000005	8480001
3989	3436.0595100000005	8480002
3990	3436.0595100000005	8480003
3991	3436.0595100000005	8480004
3992	3436.0595100000005	8480005
3993	3436.0595100000005	8480006
3994	3436.0595100000005	8480007
3995	3436.0595100000005	8480008
3996	3436.0595100000005	8480009
3997	3436.0595100000005	8480010
3998	3436.0595100000005	8480011
3999	3436.0595100000005	8480012
4000	3436.0595100000005	8480013
4001	3436.0595100000005	8480014
4002	3436.0595100000005	8480015
4003	3436.0595100000005	8480016
4004	24072.194169999995	8470001
4005	24072.194169999995	8470002
4006	24072.194169999995	8470003
4009	175801.32881	8460030
4010	173499.86409	8460029
4011	121412.80997999999	8460028
4012	144825.65644	8460026
4018	173499.86409	8460010
4019	147813.40436	8460011
4020	175801.32881	8460012
4021	121412.80997999999	8460013
4022	175801.32881	8460014
4023	147813.40436	8460015
4033	173499.86409	8460025
4034	175801.32881	8460027
4048	61633.251050000006	8450012
4049	23204.53737	8450013
4050	23204.53737	8450014
4051	23204.53737	8450015
4053	40222.697490000006	8450017
4055	38646.30883	8440009
4056	27963.563629999997	8440010
4071	2336.1398499999996	8420006
4079	48939.82387	8410001
4080	41069.23773	8410002
4081	27010.886489999994	8410003
4082	60641.128489999996	8410004
4083	12676.22428	8410005
4084	219.89608000000004	8410006
4085	64654.130359999996	8410007
4086	217161.9903	8410008
4100	6406.7038	8400001
4101	34.81765	8400002
4105	4618.9568899999995	8390015
4106	4618.9568899999995	8390016
4107	4618.9568899999995	8390017
4109	4618.9568899999995	8390010
4110	77657.03044	8390008
4111	5804.1771100000005	8390001
4112	140680.35523000002	8390002
4113	3003.31633	8390003
4114	105074.46046	8390004
4115	6166.721299999999	8390005
4116	1882.9283000000003	8390006
4117	1882.9283000000003	8390007
4118	4618.9568899999995	8390009
4145	134856.75804	8360001
4146	134856.75804	8360002
4147	134856.75804	8360003
4148	134856.75804	8360004
4149	134856.75804	8360005
4150	790.58357	8360006
4151	790.58357	8360007
4152	790.58357	8360008
4153	790.58357	8360009
4154	790.58357	8360010
4155	790.58357	8360011
4156	790.58357	8360012
4157	790.58357	8360013
4158	790.58357	8360014
4159	790.58357	8360015
4160	39064.38397	8360042
4161	39064.38397	8360043
4162	39064.38397	8360044
4163	39064.38397	8360045
4164	39064.38397	8360046
4165	39064.38397	8360047
4166	39064.38397	8360048
4167	39064.38397	8360049
4168	39064.38397	8360050
4169	39064.38397	8360051
4170	39064.38397	8360052
4171	39064.38397	8360053
4172	39064.38397	8360041
4173	39064.38397	8360040
4174	39064.38397	8360039
4175	39064.38397	8360038
4176	790.58357	8360016
4177	790.58357	8360017
4178	790.58357	8360018
4179	790.58357	8360019
4180	790.58357	8360020
4181	790.58357	8360021
4182	790.58357	8360022
4183	790.58357	8360023
4184	790.58357	8360024
4185	790.58357	8360025
4186	790.58357	8360026
4187	790.58357	8360028
4188	790.58357	8360029
4189	790.58357	8360030
4190	790.58357	8360031
4191	790.58357	8360032
4192	790.58357	8360033
4193	39064.38397	8360034
4194	39064.38397	8360035
4195	39064.38397	8360036
4196	39064.38397	8360037
4197	790.58357	8360027
4199	86660.14139	8340001
4200	86660.14139	8340002
4201	86660.14139	8340003
4202	86660.14139	8340004
4203	86660.14139	8340005
4204	86660.14139	8340006
4205	74023.42825	8330023
4206	37872.57617	8330024
4207	37872.57617	8330025
4208	74023.42825	8330022
4209	81253.52251	8330021
4210	6947.32987	8330019
4211	40347.671220000004	8330001
4212	4307.86282	8330002
4213	74023.42825	8330003
4214	40347.671220000004	8330004
4215	40347.671220000004	8330005
4216	19835.424899999995	8330006
4217	19835.424899999995	8330007
4218	173290.15694	8330008
4219	173290.15694	8330009
4220	81253.52251	8330010
4221	81253.52251	8330011
4222	74023.42825	8330012
4223	74023.42825	8330013
4224	37872.57617	8330014
4225	37872.57617	8330015
4226	4307.86282	8330016
4227	4307.86282	8330017
4228	6947.32987	8330018
4229	81253.52251	8330020
4230	1209.4551299999998	8320004
4231	1209.4551299999998	8320001
4232	3758.22326	8320002
4233	47398.128769999996	8320003
4234	1209.4551299999998	8320007
4235	3758.22326	8320008
4236	47398.128769999996	8320009
4237	47398.128769999996	8320006
4238	3758.22326	8320005
4239	86660.14139	8310001
4240	86660.14139	8310002
4241	86660.14139	8310003
4242	86660.14139	8310004
4243	86660.14139	8310005
4244	86660.14139	8310006
4245	86660.14139	8310007
4246	86660.14139	8310008
4247	86660.14139	8310009
4248	86660.14139	8310010
4249	86660.14139	8310011
4250	86660.14139	8310012
4251	86660.14139	8310013
4252	78789.33619000002	8300001
4253	78789.33619000002	8300002
4254	78789.33619000002	8300003
4255	7695.76872	8290019
4256	602.53894	8290020
4257	24749.92979	8290018
4258	28855.07971	8290017
4259	28855.07971	8290016
4260	36911.371100000004	8290015
4261	28855.07971	8290001
4262	3727.34753	8290002
4263	28855.07971	8290003
4264	29745.471250000002	8290005
4265	28855.07971	8290006
4266	28855.07971	8290007
4267	28855.07971	8290008
4268	4244.41679	8290009
4269	4244.41679	8290010
4270	2901.9966000000004	8290011
4271	28855.07971	8290012
4272	28855.07971	8290013
4273	54692.004720000004	8290014
4274	4244.41679	8290004
4275	1996.79784	8280001
4276	1996.79784	8280002
4277	1996.79784	8280003
4283	23785.10051	8260030
4295	37286.00432	8260042
4314	3860.67169	8260011
4325	97173.90956	8260023
4336	193278.55164999998	8260084
4349	6714.394010000001	8260097
4358	37286.00432	8260055
4372	142817.62136	8260070
4384	24530.85003	8260133
4399	37286.00432	8260147
4407	3088.64671	8260106
4420	99002.66252	8260119
4433	97173.90956	8260183
4447	1371.6230799999998	8260197
4473	23957.591539999998	8260172
4474	16961.90644	8260162
4510	199108.40862000003	8260210
4520	35880.94173	8260220
4543	19509.116500000004	8230001
4544	326.31188000000003	8220006
4545	1214.5303000000001	8220005
4546	245.96978000000004	8220004
4547	41198.65517	8220003
4548	52570.986880000004	8220002
4549	67838.75487	8220001
4550	133499.93205	8210002
4551	27590.697389999998	8210001
4560	92411.02832000001	8190008
4561	22069.057579999997	8190007
4562	106825.75714000003	8190006
4563	173988.84331	8190005
4564	99927.48803	8190004
4565	45132.08565	8190003
4566	153842.18128	8190002
4567	1588.8650399999997	8190001
4568	128642.14636999997	8190009
4569	197907.72937	8190010
4617	4270.909239999999	8150001
4618	4270.909239999999	8150002
4619	4327.01058	8150003
4651	25056.835209999997	8090013
4652	25056.835209999997	8090014
4653	30478.83026	8090015
4654	3300.9423799999995	8090016
4656	104731.8951	8090018
4657	25056.835209999997	8090012
4658	25056.835209999997	8090011
4659	25056.835209999997	8090010
4660	25056.835209999997	8090009
4661	4724.68888	8090001
4662	25056.835209999997	8090002
4663	25056.835209999997	8090003
4664	25056.835209999997	8090004
4667	25056.835209999997	8090007
4668	25056.835209999997	8090008
4669	4261.79787	8080001
4670	4261.79787	8080003
4671	4261.79787	8080004
4672	4261.79787	8080002
4673	54973.059720000005	8070001
4703	79948.66757999998	7990004
4704	79948.66757999998	7990005
4705	909.3800699999999	7980001
4733	81482.70512000001	7910002
4734	81482.70512000001	7910001
4735	81482.70512000001	7910004
4736	81482.70512000001	7910003
4790	39008.086339999994	7840001
4791	24841.331309999998	7840002
4792	24841.331309999998	7840003
4796	20147.22595	7810023
4817	20147.22595	7810022
4834	20147.22595	7810026
4835	20147.22595	7810027
4836	20147.22595	7810028
4837	20147.22595	7810029
4838	20147.22595	7810030
4839	20147.22595	7810031
4840	20147.22595	7810032
4841	20147.22595	7810033
4842	20147.22595	7810034
4843	20147.22595	7810035
4844	20147.22595	7810036
4845	20147.22595	7810037
4846	20147.22595	7810038
4847	20147.22595	7810039
4856	20147.22595	7810025
4857	20147.22595	7810024
4961	4555.19914	7790006
4962	4555.19914	7790007
4963	4555.19914	7790008
4971	4276.422270000001	7780001
4972	28095.93481	7780002
4973	28095.93481	7780003
4974	28095.93481	7780004
4975	1544.33364	7780005
4976	28095.93481	7780006
4977	2937.7880900000005	7780007
4978	4244.41679	7780008
4979	2937.7880900000005	7780009
4980	2937.7880900000005	7780010
4981	28012.83724	7780011
4982	2937.7880900000005	7780012
4983	27850.704149999998	7780013
4984	26886.225679999996	7780014
4985	26886.225679999996	7780015
4986	26886.225679999996	7780016
4987	26886.225679999996	7780017
4988	26886.225679999996	7780018
4989	26886.225679999996	7780019
4990	28095.93481	7780020
4991	28095.93481	7780021
4992	26886.225679999996	7780022
4993	26886.225679999996	7780023
4996	26959.509910000004	7770004
4997	2524.3920000000003	7770005
4998	2524.3920000000003	7770006
4999	2524.3920000000003	7770007
5004	27248.315910000005	7770012
5005	1451.7843799999998	7770013
5006	1451.7843799999998	7770014
5007	1451.7843799999998	7770015
5009	2937.7880900000005	7760017
5010	4276.422270000001	7760001
5011	2937.7880900000005	7760002
5012	2937.7880900000005	7760003
5013	28095.93481	7760004
5014	28095.93481	7760005
5015	26886.225679999996	7760006
5016	4244.41679	7760007
5017	4244.41679	7760008
5018	1544.33364	7760009
5019	28095.93481	7760010
5020	28095.93481	7760011
5021	28012.83724	7760012
5022	2937.7880900000005	7760013
5023	4276.422270000001	7760014
5024	2937.7880900000005	7760015
5025	2937.7880900000005	7760016
5026	28012.83724	7760043
5027	27336.42035	7760041
5028	28095.93481	7760020
5029	4244.41679	7760021
5030	1544.33364	7760022
5031	28095.93481	7760023
5032	2937.7880900000005	7760024
5033	28012.83724	7760025
5034	2937.7880900000005	7760026
5035	4276.422270000001	7760027
5036	2937.7880900000005	7760028
5037	2937.7880900000005	7760029
5038	2937.7880900000005	7760030
5039	2937.7880900000005	7760031
5040	2937.7880900000005	7760032
5041	28095.93481	7760033
5042	28095.93481	7760034
5043	28095.93481	7760035
5044	26886.225679999996	7760036
5045	4244.41679	7760037
5046	1544.33364	7760038
5047	28095.93481	7760039
5048	2111.7099	7760040
5049	2807.1849900000007	7760042
5050	28095.93481	7760019
5051	28095.93481	7760018
5056	7302.657779999999	7750012
5064	77059.76625999999	7740001
5065	77059.76625999999	7740002
5067	28019.85281	7730002
5068	38959.71993000001	7730003
5069	42678.81258	7720001
5070	42678.81258	7720002
5071	2220.5759100000005	7720003
5072	2220.5759100000005	7720004
5073	34422.26396	7720005
5074	42678.81258	7720006
5075	2220.5759100000005	7720007
5076	42678.81258	7720008
5077	2220.5759100000005	7720009
5078	2220.5759100000005	7720010
5079	2220.5759100000005	7720011
5080	2220.5759100000005	7720012
5081	2220.5759100000005	7720013
5082	2220.5759100000005	7720014
5083	2220.5759100000005	7720015
5084	2220.5759100000005	7720016
5085	42678.81258	7720017
5086	42678.81258	7720018
5087	42678.81258	7720019
5088	2220.5759100000005	7720020
5089	34422.26396	7720021
5090	42678.81258	7720022
5091	2220.5759100000005	7720023
5092	2220.5759100000005	7720024
5093	2220.5759100000005	7720025
5094	2220.5759100000005	7720026
5095	2220.5759100000005	7720027
5096	2220.5759100000005	7720028
5097	2220.5759100000005	7720029
5098	2220.5759100000005	7720030
5099	2220.5759100000005	7720031
5100	2220.5759100000005	7720032
5101	2220.5759100000005	7720033
5102	1835.0099500000001	7720035
5103	1835.0099500000001	7720036
5104	27336.42035	7720034
5105	3136.9300900000003	7710009
5106	1752.6432799999995	7710010
5107	5691.36573	7710011
5108	1752.6432799999995	7710008
5109	1752.6432799999995	7710007
5110	5691.36573	7710005
5111	1752.6432799999995	7710001
5112	3136.9300900000003	7710002
5113	1752.6432799999995	7710003
5114	1752.6432799999995	7710004
5115	174.56175	7710006
5137	275.39934000000005	7680013
5139	212.42501000000001	7680015
5140	39.3138	7680014
5146	233.56306	7680006
5147	528.32649	7680007
5149	275.39934000000005	7680009
5150	31134.51213	7680010
5152	275.39934000000005	7680012
5160	8947.99967	7670021
5198	74423.04257	7660025
5202	26347.09446	7640003
5204	6013.02341	7640005
5205	26347.09446	7640006
5206	52070.65856999999	7640007
5212	93343.21569000001	7640013
5215	252.44619000000003	7620005
5216	252.44619000000003	7620001
5217	252.44619000000003	7620002
5218	252.44619000000003	7620003
5219	252.44619000000003	7620004
5220	252.44619000000003	7620006
5237	9490.05615	7560005
5239	24794.319169999995	7560007
5241	24794.319169999995	7560009
5242	9490.05615	7560011
5244	2973.88457	7560013
5245	4504.4366199999995	7540001
5260	48335.88089	7490015
5266	48335.88089	7490007
5278	38745.2453	7460001
5279	14016.983059999999	7450001
5280	2203.39667	7440001
5281	2203.39667	7440002
5283	93092.92941999999	7420001
5284	93092.92941999999	7420002
5285	11170.743	7410001
5289	6524.300160000001	7400004
5291	26950.173959999996	7390001
5292	27401.704510000003	7390002
5293	44043.12485	7390003
5294	44043.12485	7390004
5312	4052.9661	7380045
5313	4052.9661	7380046
5314	4052.9661	7380047
5315	4052.9661	7380048
5316	4052.9661	7380049
5317	3493.74155	7380050
5318	3493.74155	7380051
5322	36667.40316	7380014
5323	36667.40316	7380015
5324	62857.813550000006	7380016
5325	62857.813550000006	7380017
5326	62857.813550000006	7380018
5327	71032.50488	7380019
5328	62857.813550000006	7380020
5329	62857.813550000006	7380021
5330	36667.40316	7380022
5346	39.3138	7370001
5347	39.3138	7370002
5348	39.3138	7370003
5349	39.3138	7370004
5350	39.3138	7370005
5351	39.3138	7370006
5352	39.3138	7370007
5353	39.3138	7370008
5360	61820.700280000005	7340021
5386	45883.92925	7320001
5387	45883.92925	7320002
5388	45883.92925	7320003
5389	45883.92925	7320004
5390	45883.92925	7320005
5391	45883.92925	7320006
5393	1999.2262100000003	7300001
5394	1999.2262100000003	7300002
5395	82553.05087	7300003
5396	82553.05087	7300004
5397	82553.05087	7300005
5402	85489.52624	7280001
5403	106983.91909000001	7270005
5404	106983.91909000001	7270006
5405	106983.91909000001	7270007
5406	106983.91909000001	7270008
5407	106983.91909000001	7270009
5408	106983.91909000001	7270004
5409	106983.91909000001	7270003
5410	106983.91909000001	7270001
5411	106983.91909000001	7270002
5413	257.17759	7260002
5414	257.17759	7260003
5415	257.17759	7260004
5416	257.17759	7260005
5419	13889.45288	7250002
5420	13889.45288	7250003
5422	73603.78644999999	7230001
5423	73603.78644999999	7230002
5424	73603.78644999999	7230003
5425	86585.12455	7210001
5426	12311.92284	7200002
5427	71587.38329	7200003
5428	71587.38329	7200004
5429	43610.51457000001	7200005
5430	28855.07971	7200006
5431	45909.200150000004	7200007
5432	78814.37575	7200008
5433	71587.38329	7200001
5434	3450.16529	7190006
5435	3450.16529	7190001
5439	3450.16529	7190005
5440	3450.16529	7190007
5442	45909.200150000004	7180002
5443	70830.23300000001	7170001
5444	70830.23300000001	7170002
5445	217.87018000000003	7160001
5456	524.0697600000001	7150021
5470	3045.4602299999997	7140004
5471	3045.4602299999997	7140006
5475	3045.4602299999997	7140005
5476	40766.4029	7130001
5477	1944.7354500000001	7130002
5478	257.17759	7130003
5479	40766.4029	7130004
5480	40766.4029	7130005
5481	1944.7354500000001	7130006
5482	257.17759	7130007
5483	40766.4029	7130008
5484	2190.77732	7130009
5485	2190.77732	7130010
5486	2190.77732	7130011
5487	2190.77732	7130012
5488	31764.78305	7120001
5489	40908.15759	7120002
5490	31764.78305	7120003
5491	28095.93481	7120004
5492	1711.6723499999996	7120005
5493	23884.45637	7120006
5521	6318.81401	7060002
5522	111865.24032000001	7050001
5523	1974.54117	7050002
5524	3308.0081099999998	7050003
5525	81360.93139000001	7050004
5526	17942.38249	7050005
5527	2239.92903	7050006
5528	2238.40538	7050007
5529	81360.93139000001	7050008
5530	27263.410129999997	7040001
5542	30059.951390000002	7010005
5543	1977.0770499999999	7010006
5544	28855.07971	7010007
5545	26950.173959999996	7010008
5546	26950.173959999996	7010009
5547	4172.40996	7010010
5548	4498.676130000001	7010011
5549	3409.6949599999994	7010012
5550	3409.6949599999994	7010013
5551	3409.6949599999994	7010014
5552	2130.85466	7010015
5553	2130.85466	7010016
5554	28095.93481	7010017
5555	3300.9423799999995	7010018
5556	23607.725469999998	7010019
5557	30059.951390000002	7010004
5558	30059.951390000002	7010003
5559	921.9029200000001	7010002
5560	26950.173959999996	7010001
5561	3287.36717	7000001
5562	3287.36717	7000002
5580	265.23718	6940006
5581	265.23718	6940007
5592	27661.902910000004	6910001
5593	27661.902910000004	6910002
5594	723.3433400000001	6900001
5595	27661.902910000004	6900002
5596	27661.902910000004	6900003
5597	37687.006279999994	6900004
5598	49195.33583000001	6900005
5599	53795.01864	6900006
5600	26885.166409999998	6900008
5601	4245.56879	6900009
5602	78663.35701	6900010
5603	36344.64878	6900011
5604	74070.42868	6900013
5605	144290.29018	6900014
5606	26814.24878	6900015
5607	57666.14525	6900016
5608	2330.3887	6890012
5609	2330.3887	6890011
5610	2330.3887	6890009
5611	26814.24878	6890001
5612	26814.24878	6890002
5613	26814.24878	6890003
5614	26814.24878	6890004
5615	29323.40479	6890005
5616	29323.40479	6890006
5617	29323.40479	6890007
5618	29323.40479	6890008
5619	2330.3887	6890010
5620	40119.17156	6880001
5632	266984.58903000003	6850005
5646	78814.37575	6790001
5647	92731.06244000001	6780001
5648	3065.8156500000005	6780002
5649	45909.200150000004	6780003
5650	92284.96885	6780004
5651	92284.96885	6780005
5655	81120.03896	6760001
5656	81120.03896	6760002
5657	81120.03896	6760003
5660	6607.88214	6750004
5666	30478.83026	6740003
5668	121314.5977	6740005
5669	102422.72574000001	6740006
5670	88081.34831	6730001
5671	88081.34831	6730002
5672	88081.34831	6730003
5673	4184.82454	6720001
5674	4184.82454	6720002
5675	75814.21701	6720003
5676	75814.21701	6720004
5677	53646.22426999999	6720005
5678	53646.22426999999	6720006
5680	987.2453300000001	6700001
5681	26950.173959999996	6700002
5682	26950.173959999996	6700003
5683	26950.173959999996	6700004
5684	38188.36719999999	6700005
5685	38188.36719999999	6700006
5686	30478.83026	6700007
5689	184727.958	6690003
5690	3306.5767300000007	6690004
5691	99874.85388	6690005
5692	17911.55294	6690006
5697	5513.94406	6670001
5698	5513.94406	6670002
5699	5513.94406	6670003
5700	5513.94406	6670004
5701	5513.94406	6670005
5702	5513.94406	6670006
5703	5513.94406	6670007
5704	5513.94406	6670008
5705	5513.94406	6670009
5706	5513.94406	6670010
5707	5513.94406	6670011
5708	5513.94406	6670012
5733	19092.970519999995	6570002
5734	19092.970519999995	6570003
5735	1531.68399	6570001
5736	5504.62536	6560001
5737	97143.31210000001	6540002
5738	31764.78305	6540001
5778	3436.6744599999997	6480001
5779	6268.75945	6470001
5780	57603.97051	6470002
5781	2208.28551	6470003
5782	2121.91215	6470004
5783	3791.4868500000002	6470005
5795	2550.16931	6430002
5796	57293.484990000004	6420001
5797	57293.484990000004	6420002
5798	57293.484990000004	6420003
5799	57293.484990000004	6420004
5800	57293.484990000004	6420005
5801	57293.484990000004	6420006
5802	57293.484990000004	6420007
5803	57293.484990000004	6420008
5804	57293.484990000004	6420009
5808	3205.42564	6400020
5809	79074.88427000001	6400021
5811	212.56272999999996	6400018
5812	52297.89646999999	6400016
5813	3299.33218	6400001
5814	100765.45599	6400002
5815	217.48373	6400003
5816	52888.54031	6400004
5817	100765.45599	6400005
5818	239.1099	6400006
5819	100765.45599	6400007
5820	2586.12831	6400008
5821	2586.12831	6400009
5822	2586.12831	6400010
5823	2586.12831	6400011
5824	3442.610940000001	6400012
5827	52297.89646999999	6400015
5828	155.87332	6400017
5829	70723.64937000001	6390002
5830	72385.95039000001	6390003
5831	37985.909	6390004
5832	74321.69163	6390005
5833	81151.97462000001	6390006
5834	38147.543300000005	6390007
5835	70723.64937000001	6390001
5840	359.95277	6370002
5843	71925.51235	6370005
5844	71925.51235	6370006
5845	359.95277	6370007
5846	72008.19395	6370008
5849	256.14052	6360003
5855	39801.12853	6350009
5856	19124.324950000002	6350010
5861	3105.4001	6350001
5863	45038.43923999999	6340001
5864	668.17987	6340002
5865	35464.89354999999	6340003
5868	55525.095129999994	6340006
5869	71585.42337	6340007
5870	2975.1132699999994	6340008
5872	48567.36393	6320001
5873	48567.36393	6320002
5874	48567.36393	6320003
5875	48567.36393	6320004
5876	48567.36393	6320006
5877	48567.36393	6320005
5884	3839.1003000000005	6270001
5887	384.3683	6270004
5888	28638.768270000008	6270005
5891	35913.56684	6260001
5915	7440.11927	6200002
5917	1285.28318	6190001
5918	1285.28318	6190002
5919	1285.28318	6190003
5920	1149.6073199999996	6190004
5921	1149.6073199999996	6190005
5922	1149.6073199999996	6190006
5923	3436.6744599999997	6180001
5943	92731.06244000001	6130001
5944	92731.06244000001	6130002
5950	31249.836490000005	6090001
5952	72933.01703	6070001
5953	6295.10456	6070002
5954	6295.10456	6070003
5961	28899.94241	6030003
5962	855.57095	6030002
5963	855.57095	6030001
5991	87900.42448	5960001
5992	2936.2388700000006	5960002
5993	99600.90593	5960003
5994	87900.42448	5960004
5995	156919.88981	5960005
5996	61012.177379999994	5960006
6003	3371.10287	5940001
6015	40215.536589999996	5920001
6016	11688.885749999998	5920002
6017	78474.21542000001	5920003
6018	92411.02832000001	5920004
6020	2584.07444	5900001
6026	37269.45692	5870001
6035	57063.31505	5810001
6043	26950.173959999996	5770001
6044	4184.82454	5770002
6045	4184.82454	5770003
6046	53795.01864	5770004
6047	25056.835209999997	5770005
6048	876.07981	5770006
6049	876.07981	5770007
6050	2071.72563	5770008
6051	54973.059720000005	5770009
6052	723.3433400000001	5770010
6053	26885.166409999998	5770011
6054	1531.2989699999998	5770012
6055	27661.902910000004	5770013
6056	4320.602260000001	5770014
6057	2633.12158	5770015
6059	46767.81903	5750005
6060	34566.07219	5750004
6064	1520.1969199999999	5740001
6065	4036.7657199999994	5740002
6069	30478.83026	5730001
6070	30478.83026	5730002
6077	2784.3684700000003	5700001
6083	43611.35268	5680001
6084	72216.28251	5680002
6085	55840.71838	5680003
6086	47379.18332	5680004
6089	45800.22614999999	5670003
6092	78469.95852000001	5650001
6093	78469.95852000001	5650002
6094	78469.95852000001	5650003
6095	47379.18332	5650004
6096	31764.78305	5640001
6097	40908.15759	5640002
6098	40908.15759	5640003
6103	1938.3112399999995	5620028
6104	1929.8900099999996	5620029
6105	51648.360830000005	5620030
6106	100765.45599	5620031
6107	301.30567	5620032
6108	268.2324500000001	5620033
6109	3076.50291	5620034
6132	877.3818100000002	5620020
6134	28855.07971	5610007
6135	28019.85281	5610001
6136	723.3433400000001	5610002
6137	36434.467489999995	5610003
6138	36434.467489999995	5610004
6139	2935.07007	5610005
6140	2935.07007	5610006
6141	45909.200150000004	5610010
6142	1239.85263	5610009
6143	28855.07971	5610008
6174	21299.885489999997	5530003
6175	26950.173959999996	5530004
6176	27456.43783	5530006
6177	909.3800699999999	5530005
6202	3065.8156500000005	5480001
6203	41162.87281	5480002
6204	41162.87281	5480003
6205	41162.87281	5480004
6206	41162.87281	5480005
6207	40222.697490000006	5470002
6208	44165.53946000001	5470003
6209	4309.19003	5470004
6210	198442.85738999996	5470001
6220	124452.12374	5440001
6222	80645.92676999999	5440003
6223	4930.68132	5440004
6224	31764.78305	5430001
6225	921.9029200000001	5420013
6226	987.2453300000001	5420001
6227	987.2453300000001	5420002
6228	987.2453300000001	5420003
6229	987.2453300000001	5420004
6230	987.2453300000001	5420005
6231	25056.835209999997	5420006
6232	921.9029200000001	5420007
6233	921.9029200000001	5420008
6234	921.9029200000001	5420009
6235	921.9029200000001	5420010
6236	921.9029200000001	5420011
6237	921.9029200000001	5420012
6238	30059.951390000002	5420016
6239	30059.951390000002	5420017
6240	30059.951390000002	5420018
6241	30059.951390000002	5420019
6242	28855.07971	5420020
6243	28855.07971	5420021
6244	28855.07971	5420022
6245	28855.07971	5420023
6246	3223.35436	5420024
6247	53795.01864	5420025
6248	28638.768270000008	5420015
6249	28638.768270000008	5420014
6252	1938.3112399999995	5410026
6254	3027.9794599999996	5410028
6256	112865.07517000001	5410030
6257	39601.564920000004	5410031
6259	156444.34579	5410022
6261	96459.23383000001	5410020
6262	122191.92634	5410019
6264	96459.23383000001	5410002
6265	122191.92634	5410003
6267	156444.34579	5410005
6269	49475.339270000004	5410007
6272	259095.12746000002	5410011
6273	122191.92634	5410012
6275	122191.92634	5410014
6276	49475.339270000004	5410015
6278	96459.23383000001	5410017
6279	156444.34579	5410018
6285	112865.07517000001	5400005
6287	5504.62536	5390001
6288	39197.27642	5390002
6289	5504.62536	5390003
6290	30478.83026	5390004
6291	35598.620599999995	5380001
6292	131591.50148	5380002
6304	37623.98886	5340002
6305	37623.98886	5340003
6306	2970.4653399999997	5340004
6307	36906.04096	5340005
6308	38228.47604	5340006
6309	72741.67621	5340007
6310	38549.70309	5340001
6311	32805.437889999994	5330006
6312	32805.437889999994	5330004
6313	32805.437889999994	5330001
6314	32805.437889999994	5330002
6315	32805.437889999994	5330003
6316	32805.437889999994	5330005
6317	123670.66479000002	5320001
6324	3764.76132	5280001
6325	3764.76132	5280002
6326	3764.76132	5280003
6327	3764.76132	5280004
6328	3764.76132	5280005
6329	3764.76132	5280006
6330	3764.76132	5280007
6331	3764.76132	5280008
6332	3764.76132	5280009
6333	3764.76132	5280010
6346	4184.82454	5210001
6347	4184.82454	5210002
6348	4184.82454	5210003
6349	4184.82454	5210004
6350	4184.82454	5210005
6351	4184.82454	5210006
6352	4184.82454	5210007
6353	4184.82454	5210008
6402	30424.89412	5130001
6403	30424.89412	5130002
6404	30424.89412	5130003
6408	29745.471250000002	5120020
6426	116483.25873	5110001
6427	116483.25873	5110002
6428	116483.25873	5110003
6429	56741.480279999996	5110004
6430	29378.62493	5110005
6441	95360.58873	5080001
6445	72216.28251	5050001
6446	6295.10456	5050002
6447	6295.10456	5050003
6448	47379.18332	5050004
6449	64787.82973	5040001
6450	43546.82224000001	5040002
6451	76591.66089	5030001
6452	76591.66089	5030002
6453	143512.92526999998	5030003
6454	694.6733300000001	5030004
6455	694.6733300000001	5030005
6456	694.6733300000001	5030006
6457	694.6733300000001	5030007
6458	81151.97462000001	5020002
6459	81151.97462000001	5020001
6461	3493.74155	5000005
6462	3493.74155	5000004
6463	3493.74155	5000001
6464	3493.74155	5000002
6465	3493.74155	5000003
6469	88979.74467	4960001
6470	30478.83026	4950001
6471	30478.83026	4950002
6472	21299.885489999997	4950003
6473	2416.85747	4950005
6474	35913.56684	4950006
6475	35913.56684	4950007
6476	21299.885489999997	4950004
6478	21299.885489999997	4930001
6479	21299.885489999997	4930002
6480	21299.885489999997	4930003
6487	4184.82454	4900001
6488	4184.82454	4900002
6489	39097.11418	4900003
6490	4184.82454	4900004
6491	4184.82454	4900005
6514	105871.14664	4850007
6515	105871.14664	4850001
6516	105871.14664	4850002
6517	36146.385200000004	4850003
6518	103069.39944	4850004
6519	72608.75001	4850005
6520	54691.75911	4850006
6521	103069.39944	4850010
6522	72608.75001	4850011
6523	54691.75911	4850012
6524	105871.14664	4850013
6525	105871.14664	4850014
6526	36146.385200000004	4850015
6527	103069.39944	4850016
6528	72608.75001	4850017
6529	54691.75911	4850018
6530	105871.14664	4850019
6531	105871.14664	4850020
6532	36146.385200000004	4850021
6533	103069.39944	4850022
6534	72608.75001	4850023
6535	54691.75911	4850024
6536	105871.14664	4850025
6537	105871.14664	4850026
6538	36146.385200000004	4850027
6539	103069.39944	4850028
6540	72608.75001	4850029
6541	54691.75911	4850030
6542	36146.385200000004	4850009
6543	105871.14664	4850008
6544	3436.6744599999997	4840001
6545	3436.6744599999997	4840002
6546	3436.6744599999997	4840003
6547	3436.6744599999997	4840004
6548	307.97536	4830001
6549	307.97536	4830002
6594	1628.0716399999997	4800001
6595	1628.0716399999997	4800002
6596	45909.200150000004	4800003
6597	45909.200150000004	4800004
6598	3065.8156500000005	4800005
6599	71414.78679	4800006
6600	92731.06244000001	4800007
6601	92731.06244000001	4800008
6611	3152.5346799999998	4780001
6612	26950.173959999996	4770005
6613	53795.01864	4770001
6614	53795.01864	4770002
6615	37696.68726	4770003
6616	37696.68726	4770004
6617	26950.173959999996	4770006
6618	81482.70512000001	4760001
6619	81482.70512000001	4760002
6624	1861.6071	4720002
6626	53368.67191	4720004
6628	25056.835209999997	4720006
6629	38959.71993000001	4720007
6636	4970.20294	4660005
6637	4970.20294	4660001
6638	4970.20294	4660002
6639	4970.20294	4660003
6640	4970.20294	4660004
6641	4970.20294	4660006
6644	2415.67414	4650028
6646	2415.67414	4650030
6660	2415.67414	4650024
6661	2415.67414	4650023
6662	2415.67414	4650022
6663	2415.67414	4650001
6664	2415.67414	4650002
6665	2415.67414	4650003
6666	2415.67414	4650004
6667	2415.67414	4650005
6668	2415.67414	4650006
6671	2415.67414	4650009
6672	2415.67414	4650010
6673	2415.67414	4650012
6676	2415.67414	4650015
6677	2415.67414	4650016
6680	2415.67414	4650019
6681	2415.67414	4650020
6682	2415.67414	4650021
6683	2415.67414	4650011
6707	1087.1440499999999	4540001
6709	45800.22614999999	4520001
6710	1083.61635	4510019
6712	5691.36573	4510016
6717	359.76835	4510005
6718	359.76835	4510006
6719	70835.41687	4510007
6720	79337.79089999999	4510008
6721	70835.41687	4510009
6722	3299.33218	4510010
6723	3299.33218	4510011
6724	2404.5539400000002	4510012
6725	55048.229319999984	4510013
6726	174.56175	4510014
6727	182.12853	4510015
6728	35464.89354999999	4510017
6730	5341.539229999999	4500002
6743	47996.416	4470005
6746	4469.75146	4460002
6747	3300.9423799999995	4460003
6748	1809.9004099999997	4460004
6749	5151.5849800000005	4460005
6750	5151.5849800000005	4460006
6752	248.69233000000003	4440007
6753	248.69233000000003	4440008
6754	363.85553999999996	4440009
6755	4022.5730399999993	4440010
6756	6748.581769999999	4440011
6757	15223.00893	4440012
6758	15223.00893	4440013
6759	248.69233000000003	4440006
6760	248.69233000000003	4440005
6761	248.69233000000003	4440004
6762	248.69233000000003	4440003
6763	248.69233000000003	4440001
6764	248.69233000000003	4440002
6768	4184.82454	4420003
6769	4184.82454	4420004
6771	99874.85388	4400002
6772	99874.85388	4400003
6773	99874.85388	4400001
6774	2767.6211300000004	4390001
6776	2767.6211300000004	4390003
6777	2767.6211300000004	4390004
6778	2767.6211300000004	4390005
6779	2767.6211300000004	4390006
6780	2767.6211300000004	4390007
6781	2767.6211300000004	4390008
6782	2767.6211300000004	4390009
6794	19074.626379999998	4350001
6806	1205.19448	4320001
6807	1205.19448	4320002
6808	1205.19448	4320003
6813	128.33068	4300002
6820	39057.193880000006	4250001
6821	54814.33112	4250002
6822	188.29973	4250003
6823	86872.61759000001	4250004
6824	1411.8167300000002	4250005
6825	43532.21946	4250006
6826	70523.08356000003	4250007
6827	247.65078	4250008
6828	39133.90258	4240001
6833	2546.7494300000003	4220001
6834	2546.7494300000003	4220002
6835	27211.908869999996	4210004
6838	26763.626389999998	4210003
6839	27086.50428	4210006
6840	3373.0404399999998	4210005
6847	2551.74763	4190001
6857	1628.0716399999997	4160002
6858	1628.0716399999997	4160003
6859	1628.0716399999997	4160001
6862	57063.31505	4140008
6863	40119.17156	4140001
6864	45021.61344	4140002
6865	2772.60862	4140003
6866	723.3433400000001	4140004
6867	2094.76097	4140005
6868	45212.46857	4140006
6869	28095.93481	4140007
6870	27607.41814	4130001
6873	99800.58263	4100001
6876	9980.259520000001	4080002
6877	9980.259520000001	4080003
6878	9980.259520000001	4080004
6884	4579.95473	4070006
6885	105.78192999999999	4070007
6888	65.77797999999999	4070010
6891	6524.300160000001	4060003
6893	9891.29169	4050002
6923	945.5561899999999	4010001
6924	945.5561899999999	4010002
6925	945.5561899999999	4010003
6926	945.5561899999999	4010004
6928	27875.03568	4000003
6933	767.7032800000001	4000008
6936	27263.410129999997	3990001
6937	27263.410129999997	3990002
6999	307.97536	3870001
7000	35322.64311	3870002
7005	3945.6120300000002	3850001
7011	3810.09997	3810001
7014	48567.36393	3790001
7017	308.30597	3780003
7023	4309.19003	3760003
7037	178.02605	3710002
7038	1628.0716399999997	3700001
7039	1628.0716399999997	3700002
7056	4948.066629999999	3610021
7060	36285.44754	3610019
7061	36285.44754	3610018
7085	45909.200150000004	3590008
7106	35322.64311	3590001
7107	35322.64311	3590002
7154	35322.64311	3590049
7175	45909.200150000004	3590122
7178	3493.74155	3590125
7180	45909.200150000004	3590126
7193	45909.200150000004	3590090
7199	45909.200150000004	3590096
7202	45909.200150000004	3590099
7207	33413.529720000006	3590129
7211	45909.200150000004	3590133
7214	1133.37474	3580001
7215	4184.82454	3580002
7216	30478.83026	3580003
7217	99604.35167999999	3580004
7218	4184.82454	3580005
7219	30478.83026	3580006
7220	93726.67843	3580007
7221	21299.885489999997	3570001
7222	21299.885489999997	3570002
7228	11315.435089999999	3560004
7229	52671.815279999995	3560005
7263	29223.264779999998	3490001
7267	2923.2944700000003	3450001
7268	2923.2944700000003	3450002
7275	153227.35255	3430002
7280	2818.7142099999996	3430007
7285	1253.0007300000002	3430012
7290	1577.80285	3430017
7295	107716.20104	3430022
7296	107716.20104	3430023
7300	1577.80285	3430027
7304	4184.82454	3420001
7305	4184.82454	3420002
7306	4184.82454	3420003
7307	89282.57840000001	3410001
7316	45909.200150000004	3370001
7317	70515.46534000001	3370002
7318	70515.46534000001	3370003
7319	81483.03982	3370004
7320	81482.70512000001	3370005
7321	81482.70512000001	3370006
7322	38416.014520000004	3370007
7323	79854.64151000002	3370008
7324	92731.06244000001	3370009
7325	44720.76968000001	3370010
7326	92731.06244000001	3370011
7327	44720.76968000001	3370012
7328	307.97536	3360006
7329	35322.64311	3360001
7330	307.97536	3360002
7331	307.97536	3360003
7332	35513.109119999994	3360004
7333	35322.64311	3360005
7334	35322.64311	3360009
7335	307.97536	3360010
7336	307.97536	3360011
7337	35513.109119999994	3360012
7338	35322.64311	3360013
7339	307.97536	3360014
7340	307.97536	3360015
7341	35513.109119999994	3360008
7342	307.97536	3360007
7368	53317.68019000001	3290003
7413	30408.84742	3200001
7422	8940.83197	3180001
7423	3861.3750800000003	3180002
7424	1631.4209399999997	3180003
7425	26347.09446	3180004
7426	53913.01688999999	3180005
7428	75814.21701	3160001
7429	75814.21701	3160002
7430	86585.12455	3150001
7431	86585.12455	3150002
7432	92731.06244000001	3150003
7443	9113.08489	3100001
7444	3136.1449700000003	3100002
7445	38811.080949999996	3100003
7451	2099.7238	3080005
7452	1558.4993399999998	3080006
7453	3908.1330500000004	3080007
7454	2584.07444	3080008
7455	53637.725860000006	3080009
7456	1177.59013	3080010
7457	2099.7238	3080011
7458	1558.4993399999998	3080012
7459	1177.59013	3080004
7460	53637.725860000006	3080003
7461	2584.07444	3080002
7462	3908.1330500000004	3080001
7482	3614.75177	3020001
7483	3527.99324	3020002
7484	36846.88472	3020003
7485	45873.77425	3020004
7486	49244.224270000006	3020005
7488	37328.851370000004	3000001
7489	37328.851370000004	3000002
7490	37328.851370000004	3000003
7491	37328.851370000004	3000004
7492	37328.851370000004	3000005
7493	37328.851370000004	3000006
7494	37328.851370000004	3000007
7495	37328.851370000004	3000008
7496	27661.902910000004	2990012
7497	28638.768270000008	2990013
7498	27661.902910000004	2990014
7499	27661.902910000004	2990015
7500	2573.6300400000005	2990016
7501	2573.6300400000005	2990017
7502	2573.6300400000005	2990018
7503	2573.6300400000005	2990019
7504	2573.6300400000005	2990020
7505	2573.6300400000005	2990021
7506	2573.6300400000005	2990022
7507	2573.6300400000005	2990023
7508	2573.6300400000005	2990024
7509	2573.6300400000005	2990025
7510	27661.902910000004	2990011
7511	28638.768270000008	2990010
7512	27661.902910000004	2990008
7513	28638.768270000008	2990001
7514	27661.902910000004	2990002
7515	27661.902910000004	2990003
7516	28638.768270000008	2990004
7517	27661.902910000004	2990005
7518	27661.902910000004	2990006
7519	28638.768270000008	2990007
7520	27661.902910000004	2990009
7521	75814.21701	2980001
7522	67885.19637	2970001
7523	67885.19637	2970002
7524	67885.19637	2970003
7525	67885.19637	2970004
7526	67885.19637	2970005
7527	67885.19637	2970006
7528	53883.917689999995	2970007
7529	53883.917689999995	2970008
7530	53883.917689999995	2970009
7531	53883.917689999995	2970010
7532	53883.917689999995	2970011
7533	53883.917689999995	2970012
7534	1609.72626	2960003
7535	3918.927219999999	2960002
7536	4125.58505	2960001
7538	28638.768270000008	2940001
7558	28267.461949999997	2920010
7567	1573.77339	2870001
7568	29307.39094	2870002
7569	4309.19003	2870003
7573	5613.41049	2860001
7600	25056.835209999997	2760001
7601	75814.21701	2750004
7602	75814.21701	2750005
7603	75814.21701	2750006
7604	75814.21701	2750007
7605	75814.21701	2750008
7606	75814.21701	2750009
7607	75814.21701	2750010
7608	75814.21701	2750011
7609	75814.21701	2750012
7610	75814.21701	2750003
7611	75814.21701	2750002
7612	75814.21701	2750001
7617	1522.96888	2740028
7619	57336.58361000001	2740008
7626	4804.37608	2740015
7628	6295.4174299999995	2740017
7629	6295.4174299999995	2740018
7633	6295.4174299999995	2740022
7634	6295.4174299999995	2740023
7636	57336.58361000001	2740025
7637	57336.58361000001	2740026
7638	57336.58361000001	2740027
7639	6295.4174299999995	2740006
7641	10921.582910000001	2730001
7653	3110.0778200000004	2700003
7654	22095.267570000004	2700004
7655	86210.13279999999	2700005
7656	86210.13279999999	2700006
7657	3450.16529	2700007
7658	86210.13279999999	2700008
7659	22095.267570000004	2700001
7664	89109.24183	2670001
7669	26841.856439999996	2650001
7670	26841.856439999996	2650002
7671	26841.856439999996	2650003
7672	26841.856439999996	2650004
7673	26841.856439999996	2650005
7674	26841.856439999996	2650006
7675	26841.856439999996	2650007
7676	26841.856439999996	2650008
7677	30059.951390000002	2650009
7678	27661.902910000004	2650010
7679	3300.9423799999995	2650011
7680	27661.902910000004	2650012
7681	2353.87237	2650013
7682	30059.951390000002	2650015
7683	27661.902910000004	2650016
7684	28638.768270000008	2650017
7685	2353.87237	2650018
7686	27661.902910000004	2650014
7687	4184.82454	2640022
7688	4184.82454	2640023
7689	4184.82454	2640024
7690	4184.82454	2640025
7691	4184.82454	2640026
7692	4184.82454	2640027
7693	4184.82454	2640028
7694	4184.82454	2640029
7695	4184.82454	2640030
7696	4184.82454	2640031
7697	4184.82454	2640032
7698	4184.82454	2640033
7699	4184.82454	2640034
7700	4184.82454	2640035
7701	4184.82454	2640036
7702	4184.82454	2640037
7703	4184.82454	2640038
7704	4184.82454	2640039
7705	4184.82454	2640040
7706	4184.82454	2640041
7707	4184.82454	2640042
7708	4184.82454	2640021
7709	4184.82454	2640043
7710	4184.82454	2640020
7711	4184.82454	2640018
7712	4184.82454	2640001
7713	4184.82454	2640002
7714	4184.82454	2640003
7715	4184.82454	2640004
7716	4184.82454	2640005
7717	4184.82454	2640006
7718	4184.82454	2640007
7719	4184.82454	2640008
7720	4184.82454	2640009
7721	4184.82454	2640010
7722	4184.82454	2640011
7723	4184.82454	2640012
7724	4184.82454	2640013
7725	4184.82454	2640014
7726	4184.82454	2640015
7727	4184.82454	2640016
7728	4184.82454	2640017
7729	4184.82454	2640019
7730	4184.82454	2640044
7731	40871.486300000004	2630001
7748	4516.32089	2570002
7751	4184.82454	2560007
7752	4184.82454	2560008
7753	4184.82454	2560009
7754	4184.82454	2560010
7755	4184.82454	2560011
7756	4184.82454	2560012
7757	4184.82454	2560013
7758	4184.82454	2560014
7759	4184.82454	2560006
7760	4184.82454	2560005
7761	4184.82454	2560004
7762	4184.82454	2560003
7763	4184.82454	2560001
7764	4184.82454	2560002
7765	8940.83197	2550001
7767	8940.83197	2550003
7768	75814.21701	2540002
7769	75814.21701	2540003
7770	75814.21701	2540004
7771	53646.22426999999	2540005
7772	53646.22426999999	2540006
7773	75814.21701	2540001
7778	598.19677	2530005
7800	2071.72563	2440001
7801	2071.72563	2440002
7802	28163.806570000004	2430001
7811	4276.422270000001	2380004
7812	2766.8506500000003	2380002
7813	54973.059720000005	2380001
7814	25056.835209999997	2380003
7816	947.1543999999998	2360001
7818	2546.5951900000005	2360003
7856	53945.75149999999	2300002
7933	3558.7887700000006	2200001
7934	1861.6071	2190003
8301	100019.00422	2170001
8302	100019.00422	2170002
8303	100019.00422	2170003
8304	100019.00422	2170004
8305	100019.00422	2170005
8306	100019.00422	2170006
8307	79955.29362000001	2160013
8308	128642.14636999997	2160014
8309	128642.14636999997	2160015
8310	79955.29362000001	2160012
8311	79955.29362000001	2160011
8312	128642.14636999997	2160009
8313	79955.29362000001	2160001
8314	79955.29362000001	2160002
8315	79955.29362000001	2160003
8316	19779.560100000002	2160004
8317	19779.560100000002	2160005
8318	79955.29362000001	2160006
8319	79955.29362000001	2160007
8320	79955.29362000001	2160008
8321	128642.14636999997	2160010
8325	12328.00724	2140001
8326	12328.00724	2140002
8327	76062.42173999999	2130001
8337	78814.37575	2080016
8338	3065.8156500000005	2080001
8339	3065.8156500000005	2080002
8340	3065.8156500000005	2080003
8341	3065.8156500000005	2080004
8342	78814.37575	2080005
8343	78814.37575	2080006
8344	78814.37575	2080007
8345	78814.37575	2080008
8346	78814.37575	2080009
8347	78814.37575	2080010
8348	78814.37575	2080011
8349	78814.37575	2080012
8350	78814.37575	2080013
8351	78814.37575	2080014
8352	78814.37575	2080015
8353	4184.82454	2070001
8355	3658.8719899999996	2050003
8356	3658.8719899999996	2050004
8357	32805.437889999994	2050005
8358	32805.437889999994	2050006
8359	4555.19914	2050002
8360	4555.19914	2050001
8385	26950.173959999996	1990001
8386	26950.173959999996	1990002
8387	26950.173959999996	1990003
8388	21299.885489999997	1990004
8389	2633.12158	1990005
8391	5758.805979999999	1970001
8392	35636.249130000004	1970002
8393	133953.91423	1970003
8394	39093.13135	1960001
8421	36344.64878	1880001
8422	36344.64878	1880002
8423	36344.64878	1880003
8424	36344.64878	1880004
8429	40113.803029999995	1850001
8430	4184.82454	1840001
8431	4184.82454	1840002
8432	4184.82454	1840003
8450	57063.31505	1800001
8451	57063.31505	1800002
8452	57063.31505	1800003
8453	57063.31505	1800004
8454	58341.16581	1790002
8455	58341.16581	1790003
8456	58341.16581	1790004
8457	4184.82454	1790005
8458	4184.82454	1790006
8459	58341.16581	1790001
8462	37328.851370000004	1760004
8463	37328.851370000004	1760001
8464	37328.851370000004	1760002
8465	37328.851370000004	1760003
8486	21299.885489999997	1740001
8525	126050.86120999997	1640001
8526	126050.86120999997	1640002
8527	126050.86120999997	1640003
8528	27508.503589999997	1640004
8529	28267.290549999998	1640005
8530	29297.79412	1640006
8533	4078.73205	1630003
8534	4078.73205	1630004
8541	301.30567	1610015
8543	4794.61973	1610017
8545	4794.61973	1610019
8546	3911.79539	1610020
8551	7903.450930000001	1610025
8552	7903.450930000001	1610026
8555	6013.02341	1610029
8558	52103.87294	1610032
8561	4327.63095	1610013
8564	25187.84155	1610009
8565	55451.200610000014	1610001
8570	25187.84155	1610006
8571	25187.84155	1610007
8572	25187.84155	1610008
8595	3669.474309999999	1610084
8598	52888.54031	1610038
8599	27061.06117	1610039
8604	4045.21518	1610044
8606	4045.21518	1610046
8607	4045.21518	1610047
8616	35170.594540000006	1610056
8620	3669.474309999999	1610085
8628	9113.08489	1610119
8632	9113.08489	1610123
8633	386.84695	1610124
8634	9113.08489	1610125
8641	211.91410000000002	1610132
8643	4175.54546	1610113
8655	3294.1050899999996	1610096
8657	1249.11164	1610037
8662	33221.10114	1610103
8663	33221.10114	1610104
8664	5503.754630000001	1610105
8670	52888.54031	1610036
8675	8399.57337	1600006
8676	8399.57337	1600004
8678	9689.45707	1590027
8692	11932.48757	1590041
8693	4184.82454	1590042
8703	702.77397	1590001
8712	7654.954870000003	1590010
8714	4851.07956	1590013
8725	10710.180989999999	1590076
8726	53646.22426999999	1590077
8727	53646.22426999999	1590078
8746	10710.180989999999	1590075
8757	826.5325500000001	1590058
8758	2633.12158	1590059
8816	68971.76554	1530001
8817	55510.769389999994	1520001
8818	17911.55294	1520002
8819	55510.769389999994	1520003
8820	17911.55294	1520004
8829	126050.86120999997	1500001
8841	855.57095	1480001
8842	855.57095	1480002
8843	855.57095	1480003
8844	28638.768270000008	1480004
8845	3271.5253600000005	1480005
8846	143512.92526999998	1480006
8847	28638.768270000008	1480007
8848	28638.768270000008	1480008
8849	94021.50745	1480009
8857	40871.486300000004	1450003
8858	2615.0359500000004	1450004
8859	3248.63939	1450002
8860	3908.1330500000004	1450001
8861	44225.28355	1440012
8862	44225.28355	1440011
8863	5504.62536	1440001
8864	5504.62536	1440002
8865	5504.62536	1440003
8866	5504.62536	1440004
8867	56113.99687999999	1440005
8868	56113.99687999999	1440006
8869	56113.99687999999	1440007
8870	56113.99687999999	1440008
8871	44225.28355	1440009
8872	44225.28355	1440010
8873	45452.119770000005	1430001
8874	4022.5730399999993	1430002
8875	4022.5730399999993	1430003
8876	4022.5730399999993	1430004
8877	4022.5730399999993	1430005
8878	71124.67164000002	1430006
8879	1228.5817	1430007
8883	26885.166409999998	1430011
8884	26885.166409999998	1430012
8885	26885.166409999998	1430013
8886	71124.67164000002	1430014
8887	1628.0716399999997	1430015
8888	26885.166409999998	1430016
8889	92731.06244000001	1430017
8890	4651.50577	1430018
8891	20147.22595	1410001
8892	1228.5817	1410002
8893	45452.119770000005	1410003
8894	86585.12455	1410004
8895	86585.12455	1410005
8896	86585.12455	1410006
8897	86585.12455	1410007
8898	86585.12455	1410008
8899	86585.12455	1410009
8909	4309.19003	1380005
8917	2524.4910200000004	1360001
8918	2524.4910200000004	1360002
8919	2524.4910200000004	1360003
8920	2524.4910200000004	1360004
8921	2524.4910200000004	1360005
8922	2524.4910200000004	1360006
8923	2524.4910200000004	1360007
8924	2524.4910200000004	1360008
8925	2524.4910200000004	1360009
8926	2524.4910200000004	1360010
8927	2524.4910200000004	1360011
8928	2524.4910200000004	1360012
8929	4276.422270000001	1360013
8930	27661.902910000004	1360014
8931	27232.17514	1360015
8954	58783.86751	1290017
8955	78814.37575	1280001
8956	78814.37575	1280002
8958	6169.39348	1260006
8967	2342.17305	1250004
8969	1584.1736300000002	1230001
8970	1628.0716399999997	1220001
8971	3065.8156500000005	1220002
8976	92717.21560000001	1190002
8977	92717.21560000001	1190003
8978	27705.174009999995	1190004
8979	184727.958	1180001
8980	40119.17156	1180002
8981	26885.166409999998	1170001
8982	26885.166409999998	1170002
8989	73589.73408000001	1150001
8990	48567.36393	1140001
8991	48567.36393	1140002
8992	48567.36393	1140003
8993	48567.36393	1140004
8994	48567.36393	1140005
8995	48567.36393	1140006
8997	868.7401	1120001
8998	868.7401	1120002
8999	868.7401	1120003
9007	134.65830999999997	1090009
9008	134.65830999999997	1090010
9009	134.65830999999997	1090011
9012	1224.78066	1090002
9013	53783.15206999999	1090001
9014	1828.5254299999997	1090003
9019	88979.74467	1070004
9020	88979.74467	1070005
9023	42659.82799	1060001
9024	42659.82799	1060002
9027	1277.1416199999999	1040002
9029	81483.03982	1030044
9030	81483.03982	1030023
9031	81482.70512000001	1030024
9032	81483.03982	1030025
9033	81482.70512000001	1030026
9034	81483.03982	1030027
9035	81482.70512000001	1030028
9036	11815.62404	1030029
9037	81483.03982	1030030
9038	81482.70512000001	1030031
9039	11815.62404	1030032
9040	11815.62404	1030033
9041	81483.03982	1030034
9042	81482.70512000001	1030035
9043	81483.03982	1030036
9044	81483.03982	1030037
9045	81482.70512000001	1030038
9046	11815.62404	1030039
9047	81483.03982	1030040
9048	81482.70512000001	1030041
9049	11815.62404	1030042
9050	11815.62404	1030043
9051	11815.62404	1030022
9052	11815.62404	1030021
9053	81482.70512000001	1030020
9054	81483.03982	1030019
9055	11815.62404	1030001
9056	81483.03982	1030002
9057	81482.70512000001	1030003
9058	81483.03982	1030004
9059	81482.70512000001	1030005
9060	81483.03982	1030006
9061	81482.70512000001	1030007
9062	81483.03982	1030009
9063	81482.70512000001	1030010
9064	11815.62404	1030011
9065	11815.62404	1030012
9066	81483.03982	1030013
9067	81482.70512000001	1030014
9068	81483.03982	1030015
9069	81483.03982	1030016
9070	81482.70512000001	1030017
9071	11815.62404	1030018
9072	11815.62404	1030008
9073	81482.70512000001	1030047
9074	81483.03982	1030048
9075	81482.70512000001	1030049
9076	81483.03982	1030050
9077	81482.70512000001	1030051
9078	11815.62404	1030052
9079	81483.03982	1030046
9080	81482.70512000001	1030045
9087	3034.6724299999996	990001
9088	10338.213459999999	990002
9089	39170.30848	990003
9090	5142.21189	990004
9093	10263.07112	970002
9094	10263.07112	970003
9101	10263.07112	920001
9129	1660.8391100000001	790001
9130	1660.8391100000001	790002
9134	88918.95219	780004
9151	4184.82454	720001
9152	4184.82454	720002
9153	4184.82454	720003
9154	4184.82454	720004
9155	75814.21701	710001
9156	87437.53112999999	700001
9157	570.83926	700002
9171	4184.82454	670001
9192	48567.36393	650001
9193	48567.36393	650002
9194	48567.36393	650003
9195	48567.36393	650004
9211	2364.47823	570005
9212	2359.95352	560007
9213	2359.95352	560001
9214	2359.95352	560002
9215	2359.95352	560003
9216	2359.95352	560004
9217	2359.95352	560005
9218	2359.95352	560006
9219	2359.95352	560008
9246	233239.01440999997	500002
9247	233239.01440999997	500003
9248	233239.01440999997	500004
9251	2614.28388	490003
9258	100729.93858000002	470006
9262	55617.450379999995	470010
9273	2906.78881	460004
9274	6537.49014	460005
9276	167054.52556	450003
9277	167054.52556	450004
9278	35511.62742	450005
9279	3899.493	450006
9281	6707.63285	440001
9285	6295.10456	420001
9286	6295.10456	420002
9307	26841.856439999996	360001
9308	26841.856439999996	360002
9309	26841.856439999996	360003
9310	26841.856439999996	360004
9311	26841.856439999996	360005
9312	26841.856439999996	360006
9314	4948.066629999999	350011
9315	4948.066629999999	350012
9318	4948.066629999999	350006
9323	4948.066629999999	350005
9333	41319.89942	280001
9334	1202.15261	280002
9340	4005.3169800000005	260001
9346	30131.85662	240002
9352	6766.7374899999995	210001
9353	6766.7374899999995	210002
9358	79394.78644000001	200005
9381	48874.58351	170007
9390	35604.25343	130001
9392	2179.3705500000005	130003
9393	2179.3705500000005	130004
9394	2179.3705500000005	130005
9395	2179.3705500000005	130006
9397	20147.22595	110001
9398	1898.60835	110002
9399	27904.591009999996	110003
9400	1898.60835	110004
9412	1739.7375299999997	80004
9418	55822.86645999999	60005
9425	36843.54287999999	40002
10284	3810.09997	12410006
10285	3810.09997	12410005
10286	3810.09997	12410004
10287	3810.09997	12410003
10288	3810.09997	12410002
10289	3810.09997	12410001
10290	3810.09997	12410008
10291	3810.09997	12410007
10293	88182.90784	12400002
10308	13696.17102	12360001
10315	987.8975800000001	12350007
10316	20586.94551	12350003
